stamp_sec,nav2_linear_x,nav2_angular_z,drl_linear_x,drl_angular_z,linear_abs_diff,angular_abs_diff,angular_sign_disagreement,nav2_zero,drl_zero
1777711826.9166398,0.125,0.16,0.0,0.0,0.125,0.16,False,False,True
1777711827.017075,0.125,0.16,0.07561151683330536,0.5626479983329773,0.04938848316669464,0.40264799833297726,False,False,False
1777711827.1175685,0.16421052631578947,0.32,0.07561151683330536,0.5626479983329773,0.08859900948248411,0.2426479983329773,False,False,False
1777711827.2179854,0.16421052631578947,0.32,0.07527770102024078,0.5772738456726074,0.08893282529554869,0.2572738456726074,False,False,False
1777711827.318583,0.16421052631578947,0.48,0.07527770102024078,0.5772738456726074,0.08893282529554869,0.09727384567260744,False,False,False
1777711827.41896,0.16421052631578947,0.48,0.07585041970014572,0.5489242672920227,0.08836010661564375,0.06892426729202272,False,False,False
1777711827.5195808,0.16421052631578947,0.64,0.07585041970014572,0.5489242672920227,0.08836010661564375,0.09107573270797731,False,False,False
1777711827.6199193,0.16421052631578947,0.64,0.0753597766160965,0.34522318840026855,0.08885074969969298,0.29477681159973146,False,False,False
1777711827.7205203,0.17789473684210527,0.9999999999999999,0.0753597766160965,0.34522318840026855,0.10253496022600878,0.6547768115997313,False,False,False
1777711827.8209383,0.17789473684210527,0.9999999999999999,0.07539618015289307,-0.5393844246864319,0.1024985566892122,1.5393844246864319,True,False,False
1777711827.9215474,0.26,0.9999999999999999,0.07539618015289307,-0.5393844246864319,0.18460381984710694,1.5393844246864319,True,False,False
1777711828.0218594,0.26,0.9999999999999999,0.0766909271478653,-0.06511730700731277,0.1833090728521347,1.0651173070073128,True,False,False
1777711828.1224148,0.23263157894736847,0.9999999999999999,0.0766909271478653,-0.06511730700731277,0.15594065179950317,1.0651173070073128,True,False,False
1777711828.2227376,0.23263157894736847,0.9999999999999999,0.07693716138601303,-0.20101915299892426,0.15569441756135544,1.2010191529989243,True,False,False
1777711828.3233695,0.24631578947368427,0.7894736842105262,0.07693716138601303,-0.20101915299892426,0.16937862808767123,0.9904928372094505,True,False,False
1777711828.4237716,0.24631578947368427,0.7894736842105262,0.07657169550657272,-0.6525391936302185,0.16974409396711154,1.4420128778407446,True,False,False
1777711828.5243988,0.24631578947368427,0.6842105263157894,0.07657169550657272,-0.6525391936302185,0.16974409396711154,1.3367497199460079,True,False,False
1777711828.6247642,0.24631578947368427,0.6842105263157894,0.07637051492929459,-0.757560133934021,0.16994527454438968,1.4417706602498104,True,False,False
1777711828.7255628,0.24631578947368427,0.4736842105263157,0.07637051492929459,-0.757560133934021,0.16994527454438968,1.2312443444603367,True,False,False
1777711828.8259234,0.24631578947368427,0.4736842105263157,0.07595271617174149,-0.7782280445098877,0.17036307330194278,1.2519122550362034,True,False,False
1777711828.9267669,0.21894736842105267,0.36842105263157887,0.07595271617174149,-0.7782280445098877,0.14299465224931118,1.1466490971414665,True,False,False
1777711829.027079,0.21894736842105267,0.36842105263157887,0.06970930099487305,-0.7387315630912781,0.14923806742617962,1.1071526157228568,True,False,False
1777711829.1275449,0.24631578947368427,0.26315789473684204,0.06970930099487305,-0.7387315630912781,0.17660648847881122,1.0018894578281201,True,False,False
1777711829.2279503,0.24631578947368427,0.26315789473684204,0.06177006661891937,-0.4790317714214325,0.1845457228547649,0.7421896661582745,True,False,False
1777711829.3284037,0.24631578947368427,0.26315789473684204,0.06177006661891937,-0.4790317714214325,0.1845457228547649,0.7421896661582745,True,False,False
1777711829.4287314,0.24631578947368427,0.26315789473684204,0.0573454424738884,0.007230111863464117,0.18897034699979587,0.2559277828733779,False,False,False
1777711829.5292835,0.24631578947368427,0.1578947368421052,0.0573454424738884,0.007230111863464117,0.18897034699979587,0.15066462497864108,False,False,False
1777711829.6295967,0.24631578947368427,0.1578947368421052,0.054972801357507706,0.22432377934455872,0.19134298811617656,0.06642904250245352,False,False,False
1777711829.7300706,0.24631578947368427,0.05263157894736836,0.054972801357507706,0.22432377934455872,0.19134298811617656,0.17169220039719035,False,False,False
1777711829.8305416,0.24631578947368427,0.05263157894736836,0.05617498233914375,0.592255175113678,0.1901408071345405,0.5396235961663096,False,False,False
1777711829.931333,0.24631578947368427,0.1578947368421052,0.05617498233914375,0.592255175113678,0.1901408071345405,0.4343604382715728,False,False,False
1777711830.03171,0.24631578947368427,0.1578947368421052,0.05623051896691322,0.5240060687065125,0.19008527050677104,0.36611133186440725,False,False,False
1777711830.1323001,0.26,0.36842105263157887,0.05623051896691322,0.5240060687065125,0.20376948103308679,0.15558501607493358,False,False,False
1777711830.2326043,0.26,0.36842105263157887,0.05569606274366379,0.592650294303894,0.20430393725633622,0.22422924167231517,False,False,False
1777711830.3331676,0.24631578947368427,0.26315789473684204,0.05569606274366379,0.592650294303894,0.19061972673002048,0.329492399567052,False,False,False
1777711830.4334695,0.24631578947368427,0.26315789473684204,0.05524197593331337,0.5864121913909912,0.1910738135403709,0.3232542966541492,False,False,False
1777711830.5339565,0.24631578947368427,0.1578947368421052,0.05524197593331337,0.5864121913909912,0.1910738135403709,0.428517454548886,False,False,False
1777711830.6342812,0.24631578947368427,0.1578947368421052,0.0558442659676075,0.4902615249156952,0.19047152350607677,0.33236678807359,False,False,False
1777711830.7347515,0.24631578947368427,-0.052631578947368474,0.0558442659676075,0.4902615249156952,0.19047152350607677,0.5428931038630637,True,False,False
1777711830.835165,0.24631578947368427,-0.052631578947368474,0.05643008276820183,0.6172730326652527,0.18988570670548244,0.6699046116126212,True,False,False
1777711830.9357436,0.24631578947368427,0.05263157894736836,0.05643008276820183,0.6172730326652527,0.18988570670548244,0.5646414537178843,False,False,False
1777711831.0360613,0.24631578947368427,0.05263157894736836,0.05660387501120567,0.604354202747345,0.1897119144624786,0.5517226237999766,False,False,False
1777711831.13647,0.26,0.26315789473684204,0.05660387501120567,0.604354202747345,0.20339612498879434,0.34119630801050294,False,False,False
1777711831.2368371,0.26,0.26315789473684204,0.0525742806494236,0.28543153405189514,0.2074257193505764,0.022273639315053106,False,False,False
1777711831.3374045,0.21894736842105267,0.1578947368421052,0.0525742806494236,0.28543153405189514,0.16637308777162907,0.12753679720978994,False,False,False
1777711831.4378033,0.21894736842105267,0.1578947368421052,0.05305471271276474,0.32928213477134705,0.16589265570828793,0.17138739792924185,False,False,False
1777711831.538294,0.26,0.26315789473684204,0.05305471271276474,0.32928213477134705,0.20694528728723527,0.06612424003450501,False,False,False
1777711831.6385806,0.26,0.26315789473684204,0.05475805327296257,0.44097456336021423,0.20524194672703744,0.1778166686233722,False,False,False
1777711831.7390516,0.26,0.1578947368421052,0.05475805327296257,0.44097456336021423,0.20524194672703744,0.28307982651810903,False,False,False
1777711831.8393934,0.26,0.1578947368421052,0.05326302349567413,0.34891337156295776,0.20673697650432588,0.19101863472085256,False,False,False
1777711831.939988,0.24631578947368427,0.1578947368421052,0.05326302349567413,0.34891337156295776,0.19305276597801013,0.19101863472085256,False,False,False
1777711832.0403423,0.24631578947368427,0.1578947368421052,0.052494943141937256,0.28712785243988037,0.193820846331747,0.12923311559777517,False,False,False
1777711832.1408174,0.23263157894736847,0.1578947368421052,0.052494943141937256,0.28712785243988037,0.1801366358054312,0.12923311559777517,False,False,False
1777711832.241222,0.23263157894736847,0.1578947368421052,0.056893568485975266,0.6288008689880371,0.1757380104613932,0.4709061321459319,False,False,False
1777711832.3417864,0.26,0.05263157894736836,0.056893568485975266,0.6288008689880371,0.20310643151402474,0.5761692900406687,False,False,False
1777711832.4421108,0.26,0.05263157894736836,0.056836314499378204,0.640175998210907,0.2031636855006218,0.5875444192635386,False,False,False
1777711832.5430455,0.23263157894736847,0.05263157894736836,0.056836314499378204,0.640175998210907,0.17579526444799026,0.5875444192635386,False,False,False
1777711832.6433547,0.23263157894736847,0.05263157894736836,0.056879326701164246,0.6717551350593567,0.17575225224620422,0.6191235561119883,False,False,False
1777711832.7438347,0.20526315789473687,0.05263157894736836,0.056879326701164246,0.6717551350593567,0.14838383119357262,0.6191235561119883,False,False,False
1777711832.8442264,0.20526315789473687,0.05263157894736836,0.054916709661483765,0.6967634558677673,0.1503464482332531,0.644131876920399,False,False,False
1777711832.9446914,0.17789473684210527,0.05263157894736836,0.054916709661483765,0.6967634558677673,0.12297802718062151,0.644131876920399,False,False,False
1777711833.0450468,0.17789473684210527,0.05263157894736836,0.055099524557590485,0.6420966982841492,0.12279521228451479,0.5894651193367808,False,False,False
1777711833.1455033,0.16421052631578947,0.05263157894736836,0.055099524557590485,0.6420966982841492,0.10911100175819899,0.5894651193367808,False,False,False
1777711833.2459333,0.16421052631578947,0.05263157894736836,0.05615309625864029,0.6502468585968018,0.10805743005714918,0.5976152796494334,False,False,False
1777711833.3464186,0.13684210526315788,0.0,0.05615309625864029,0.6502468585968018,0.08068900900451759,0.6502468585968018,False,False,False
1777711833.4467516,0.13684210526315788,0.0,0.0525379441678524,0.28960686922073364,0.08430416109530547,0.28960686922073364,False,False,False
1777711833.5472689,0.0,-0.10736842105263164,0.0525379441678524,0.28960686922073364,0.0525379441678524,0.3969752902733653,True,False,False
1777711833.647576,0.0,-0.10736842105263164,0.053306665271520615,0.7245049476623535,0.053306665271520615,0.8318733687149852,True,False,False
1777711833.7480643,0.0,-0.4736842105263158,0.053306665271520615,0.7245049476623535,0.053306665271520615,1.1981891581886694,True,False,False
1777711833.8483841,0.0,-0.4736842105263158,0.05318177491426468,0.7277472615242004,0.05318177491426468,1.2014314720505164,True,False,False
1777711833.9488804,0.0,-0.368421052631579,0.05318177491426468,0.7277472615242004,0.05318177491426468,1.0961683141557794,True,False,False
1777711834.049402,0.0,-0.368421052631579,0.053124863654375076,0.727325439453125,0.053124863654375076,1.095746492084704,True,False,False
1777711834.1499634,0.0,-0.368421052631579,0.053124863654375076,0.727325439453125,0.053124863654375076,1.095746492084704,True,False,False
1777711834.2503982,0.0,-0.368421052631579,0.052954595535993576,0.7253710627555847,0.052954595535993576,1.0937921153871637,True,False,False
1777711834.3509347,0.0,-0.368421052631579,0.052954595535993576,0.7253710627555847,0.052954595535993576,1.0937921153871637,True,False,False
1777711834.4512928,0.0,-0.368421052631579,0.05303727090358734,0.6739518046379089,0.05303727090358734,1.042372857269488,True,False,False
1777711834.5518057,0.0,-0.26315789473684215,0.05303727090358734,0.6739518046379089,0.05303727090358734,0.9371096993747511,True,False,False
1777711834.652211,0.0,-0.26315789473684215,0.05445646122097969,0.7142772078514099,0.05445646122097969,0.9774351025882521,True,False,False
1777711834.7527096,0.15052631578947367,0.21684210526315786,0.05445646122097969,0.7142772078514099,0.09606985456849398,0.4974351025882521,False,False,False
1777711834.8530488,0.15052631578947367,0.21684210526315786,0.053777921944856644,0.7111653685569763,0.09674839384461703,0.4943232632938185,False,False,False
1777711834.9535394,0.13684210526315788,0.4736842105263157,0.053777921944856644,0.7111653685569763,0.08306418331830123,0.2374811580306606,False,False,False
1777711835.0539026,0.13684210526315788,0.4736842105263157,0.050776928663253784,0.7158195972442627,0.08606517659990409,0.242135386717947,False,False,False
1777711835.154611,0.0,-0.16631578947368433,0.050776928663253784,0.7158195972442627,0.050776928663253784,0.882135386717947,True,False,False
1777711835.2550027,0.0,-0.16631578947368433,0.05566028133034706,0.7086696028709412,0.05566028133034706,0.8749853923446255,True,False,False
1777711835.3558216,0.0,-0.26315789473684215,0.05566028133034706,0.7086696028709412,0.05566028133034706,0.9718274976077833,True,False,False
1777711835.4562085,0.0,-0.26315789473684215,0.05503867194056511,0.7096585631370544,0.05503867194056511,0.9728164578738966,True,False,False
1777711835.5568874,0.0,-0.26315789473684215,0.05503867194056511,0.7096585631370544,0.05503867194056511,0.9728164578738966,True,False,False
1777711835.6574454,0.0,-0.26315789473684215,0.05176982283592224,0.7236381769180298,0.05176982283592224,0.9867960716548719,True,False,False
1777711835.758053,0.0,-0.26315789473684215,0.05176982283592224,0.7236381769180298,0.05176982283592224,0.9867960716548719,True,False,False
1777711835.8583372,0.0,-0.26315789473684215,0.052211590111255646,0.7180886268615723,0.052211590111255646,0.9812465215984144,True,False,False
1777711835.9588208,0.0,-0.26315789473684215,0.052211590111255646,0.7180886268615723,0.052211590111255646,0.9812465215984144,True,False,False
1777711836.0591514,0.0,-0.26315789473684215,0.050637416541576385,0.7133037447929382,0.050637416541576385,0.9764616395297804,True,False,False
1777711836.1597483,0.0,-0.1578947368421053,0.050637416541576385,0.7133037447929382,0.050637416541576385,0.8711984816350435,True,False,False
1777711836.2600858,0.0,-0.1578947368421053,0.05070674791932106,0.710127055644989,0.05070674791932106,0.8680217924870943,True,False,False
1777711836.3605042,0.0,-0.1578947368421053,0.05070674791932106,0.710127055644989,0.05070674791932106,0.8680217924870943,True,False,False
1777711836.4609108,0.0,-0.1578947368421053,0.05114821717143059,0.7164801359176636,0.05114821717143059,0.8743748727597689,True,False,False
1777711836.561627,0.0,-0.1578947368421053,0.05114821717143059,0.7164801359176636,0.05114821717143059,0.8743748727597689,True,False,False
1777711836.6619503,0.0,-0.1578947368421053,0.04382612928748131,0.7034792304039001,0.04382612928748131,0.8613739672460055,True,False,False
1777711836.7625494,0.15052631578947367,0.3221052631578947,0.04382612928748131,0.7034792304039001,0.10670018650199237,0.3813739672460055,False,False,False
1777711836.8629298,0.15052631578947367,0.3221052631578947,0.04508688300848007,0.7094305753707886,0.1054394327809936,0.3873253122128939,False,False,False
1777711836.9637918,0.0,0.0,0.04508688300848007,0.7094305753707886,0.04508688300848007,0.7094305753707886,False,True,False
1777711837.0642915,0.0,0.0,0.04519448056817055,0.7100958228111267,0.04519448056817055,0.7100958228111267,False,True,False
1777711837.164868,0.0,0.0,0.04519448056817055,0.7100958228111267,0.04519448056817055,0.7100958228111267,False,True,False
1777711837.2653341,0.0,0.0,0.056966740638017654,0.6931607723236084,0.056966740638017654,0.6931607723236084,False,True,False
1777711837.3659546,0.0,0.0,0.056966740638017654,0.6931607723236084,0.056966740638017654,0.6931607723236084,False,True,False
1777711837.4665368,0.0,0.0,0.056870393455028534,0.6941901445388794,0.056870393455028534,0.6941901445388794,False,True,False
1777711837.5676758,0.0,0.0,0.056870393455028534,0.6941901445388794,0.056870393455028534,0.6941901445388794,False,True,False
1777711837.6682205,0.0,0.0,0.05683952197432518,0.6947154998779297,0.05683952197432518,0.6947154998779297,False,True,False
1777711837.7690082,0.0,0.0,0.05683952197432518,0.6947154998779297,0.05683952197432518,0.6947154998779297,False,True,False
1777711837.8696222,0.0,0.0,0.056801747530698776,0.6972852349281311,0.056801747530698776,0.6972852349281311,False,True,False
1777711837.9704423,0.0,0.0,0.056801747530698776,0.6972852349281311,0.056801747530698776,0.6972852349281311,False,True,False
1777711838.0710373,0.0,0.0,0.05686866119503975,0.6937692761421204,0.05686866119503975,0.6937692761421204,False,True,False
1777711838.1718915,0.0,0.0,0.05686866119503975,0.6937692761421204,0.05686866119503975,0.6937692761421204,False,True,False
1777711838.2725246,0.0,0.0,0.0567936971783638,0.6961029767990112,0.0567936971783638,0.6961029767990112,False,True,False
1777711838.3733733,0.0,0.0,0.0567936971783638,0.6961029767990112,0.0567936971783638,0.6961029767990112,False,True,False
1777711838.47374,0.0,0.0,0.05686698481440544,0.6952279210090637,0.05686698481440544,0.6952279210090637,False,True,False
1777711838.5744662,0.0,0.0,0.05686698481440544,0.6952279210090637,0.05686698481440544,0.6952279210090637,False,True,False
1777711838.6750655,0.0,0.0,0.05682383105158806,0.6963468194007874,0.05682383105158806,0.6963468194007874,False,True,False
1777711838.7759185,0.0,0.0,0.05682383105158806,0.6963468194007874,0.05682383105158806,0.6963468194007874,False,True,False
1777711838.8765285,0.0,0.0,0.056788280606269836,0.6963155269622803,0.056788280606269836,0.6963155269622803,False,True,False
1777711838.9774818,0.0,0.0,0.056788280606269836,0.6963155269622803,0.056788280606269836,0.6963155269622803,False,True,False
1777711839.07794,0.0,0.0,0.05676115304231644,0.6971467733383179,0.05676115304231644,0.6971467733383179,False,True,False
1777711839.1790557,0.0,0.0,0.05676115304231644,0.6971467733383179,0.05676115304231644,0.6971467733383179,False,True,False
1777711839.2794964,0.0,0.0,0.056761156767606735,0.6971467733383179,0.056761156767606735,0.6971467733383179,False,True,False
1777711839.3802218,0.0,0.0,0.05678090825676918,0.6964549422264099,0.05678090825676918,0.6964549422264099,False,True,False
1777711839.4808104,0.0,0.0,0.05678090825676918,0.6964549422264099,0.05678090825676918,0.6964549422264099,False,True,False
1777711839.5818465,0.0,0.0,0.05677252635359764,0.6964771747589111,0.05677252635359764,0.6964771747589111,False,True,False
1777711839.682435,0.0,0.0,0.05677252635359764,0.6964771747589111,0.05677252635359764,0.6964771747589111,False,True,False
1777711839.7829783,0.0,0.0,0.05687373876571655,0.694084107875824,0.05687373876571655,0.694084107875824,False,True,False
1777711839.883631,0.0,0.0,0.05687374621629715,0.694084107875824,0.05687374621629715,0.694084107875824,False,True,False
1777711839.984394,0.0,0.0,0.05673839896917343,0.6975461840629578,0.05673839896917343,0.6975461840629578,False,True,False
1777711840.0853536,0.0,0.0,0.05673839896917343,0.6975461840629578,0.05673839896917343,0.6975461840629578,False,True,False
1777711840.1860194,0.0,0.0,0.05675501376390457,0.6970644593238831,0.05675501376390457,0.6970644593238831,False,True,False
1777711840.2868176,0.0,0.0,0.05675501748919487,0.6970644593238831,0.05675501748919487,0.6970644593238831,False,True,False
1777711840.3876407,0.0,0.0,0.056790515780448914,0.6968767642974854,0.056790515780448914,0.6968767642974854,False,True,False
1777711840.4883506,0.0,0.0,0.056790515780448914,0.6968767642974854,0.056790515780448914,0.6968767642974854,False,True,False
1777711840.5891616,0.0,0.0,0.05682169273495674,0.6955645680427551,0.05682169273495674,0.6955645680427551,False,True,False
1777711840.6903274,0.0,0.0,0.05682168900966644,0.6955646276473999,0.05682168900966644,0.6955646276473999,False,True,False
1777711840.792689,0.0,0.0,0.056805018335580826,0.6962465047836304,0.056805018335580826,0.6962465047836304,False,True,False
1777711840.8937988,0.0,0.0,0.056812308728694916,0.695697009563446,0.056812308728694916,0.695697009563446,False,True,False
1777711840.9951384,0.0,0.0,0.056812308728694916,0.695697009563446,0.056812308728694916,0.695697009563446,False,True,False
1777711841.096371,0.0,0.0,0.056838396936655045,0.6948585510253906,0.056838396936655045,0.6948585510253906,False,True,False
1777711841.1976397,0.0,0.0,0.05683840066194534,0.6948586106300354,0.05683840066194534,0.6948586106300354,False,True,False
1777711841.2981892,0.0,0.0,0.05674483999609947,0.6973296999931335,0.05674483999609947,0.6973296999931335,False,True,False
1777711841.3987026,0.0,0.0,0.05674483999609947,0.6973296999931335,0.05674483999609947,0.6973296999931335,False,True,False
1777711841.4992678,0.0,0.0,0.056760258972644806,0.6962897181510925,0.056760258972644806,0.6962897181510925,False,True,False
1777711841.600656,0.0,0.0,0.056760258972644806,0.6962897777557373,0.056760258972644806,0.6962897777557373,False,True,False
1777711841.7018332,0.0,0.0,0.05686566233634949,0.694503903388977,0.05686566233634949,0.694503903388977,False,True,False
1777711841.8023868,0.0,0.0,0.05686566233634949,0.694503903388977,0.05686566233634949,0.694503903388977,False,True,False
1777711841.9030175,0.0,0.0,0.05685184895992279,0.6942437291145325,0.05685184895992279,0.6942437291145325,False,True,False
1777711842.0036879,0.0,0.0,0.05685184895992279,0.6942437291145325,0.05685184895992279,0.6942437291145325,False,True,False
1777711842.1046355,0.0,0.0,0.056721579283475876,0.6967934966087341,0.056721579283475876,0.6967934966087341,False,True,False
1777711842.205415,0.0,0.0,0.05672157555818558,0.6967934370040894,0.05672157555818558,0.6967934370040894,False,True,False
1777711842.3079286,0.0,0.0,0.056733522564172745,0.6981953978538513,0.056733522564172745,0.6981953978538513,False,True,False
1777711842.4089706,0.0,0.0,0.056733522564172745,0.6981953978538513,0.056733522564172745,0.6981953978538513,False,True,False
1777711842.5102642,0.0,0.0,0.05692756175994873,0.692172110080719,0.05692756175994873,0.692172110080719,False,True,False
1777711842.610782,0.0,0.0,0.056927554309368134,0.692172110080719,0.056927554309368134,0.692172110080719,False,True,False
1777711842.7113414,0.0,0.0,0.05680989474058151,0.6967273354530334,0.05680989474058151,0.6967273354530334,False,True,False
1777711842.8125033,0.0,0.0,0.05680989474058151,0.6967273354530334,0.05680989474058151,0.6967273354530334,False,True,False
1777711842.9131052,0.0,0.0,0.056796595454216,0.69520503282547,0.056796595454216,0.69520503282547,False,True,False
1777711843.0138195,0.0,0.0,0.056796595454216,0.69520503282547,0.056796595454216,0.69520503282547,False,True,False
1777711843.1143246,0.0,0.0,0.056767236441373825,0.6962410807609558,0.056767236441373825,0.6962410807609558,False,True,False
1777711843.214988,0.0,0.0,0.056767236441373825,0.6962411403656006,0.056767236441373825,0.6962411403656006,False,True,False
1777711843.3156052,0.0,0.0,0.056787893176078796,0.6953186988830566,0.056787893176078796,0.6953186988830566,False,True,False
1777711843.4161568,0.0,0.0,0.056787893176078796,0.6953186988830566,0.056787893176078796,0.6953186988830566,False,True,False
1777711843.516691,0.0,0.0,0.05681779235601425,0.6956822276115417,0.05681779235601425,0.6956822276115417,False,True,False
1777711843.6173863,0.0,0.0,0.05681779608130455,0.6956822276115417,0.05681779608130455,0.6956822276115417,False,True,False
1777711843.7179847,0.0,0.0,0.05673022195696831,0.6978015303611755,0.05673022195696831,0.6978015303611755,False,True,False
1777711843.8185952,0.0,0.0,0.05673022195696831,0.6978015899658203,0.05673022195696831,0.6978015899658203,False,True,False
1777711843.9192083,0.0,0.0,0.05676203593611717,0.6980566382408142,0.05676203593611717,0.6980566382408142,False,True,False
1777711844.0198386,0.0,0.0,0.05676203593611717,0.6980566382408142,0.05676203593611717,0.6980566382408142,False,True,False
1777711844.1206105,0.0,0.0,0.056902263313531876,0.6941192746162415,0.056902263313531876,0.6941192746162415,False,True,False
1777711844.221215,0.0,0.0,0.056902263313531876,0.6941192746162415,0.056902263313531876,0.6941192746162415,False,True,False
1777711844.321735,0.0,0.0,0.056854214519262314,0.6945927739143372,0.056854214519262314,0.6945927739143372,False,True,False
1777711844.4223697,0.0,0.0,0.056854214519262314,0.6945927143096924,0.056854214519262314,0.6945927143096924,False,True,False
1777711844.5229645,0.0,0.0,0.05673162639141083,0.6982919573783875,0.05673162639141083,0.6982919573783875,False,True,False
1777711844.624117,0.0,0.0,0.05673162639141083,0.6982918977737427,0.05673162639141083,0.6982918977737427,False,True,False
1777711844.724708,0.0,0.0,0.05675606057047844,0.697319746017456,0.05675606057047844,0.697319746017456,False,True,False
1777711844.8253932,0.0,0.0,0.05675606429576874,0.697319746017456,0.05675606429576874,0.697319746017456,False,True,False
1777711844.9260473,0.0,0.0,0.05675606429576874,0.6973198056221008,0.05675606429576874,0.6973198056221008,False,True,False
1777711845.0266483,0.0,0.0,0.05676319822669029,0.696304202079773,0.05676319822669029,0.696304202079773,False,True,False
1777711845.1272366,0.0,0.0,0.05676319822669029,0.6963041424751282,0.05676319822669029,0.6963041424751282,False,True,False
1777711845.227798,0.0,0.0,0.0567571185529232,0.6966236233711243,0.0567571185529232,0.6966236233711243,False,True,False
1777711845.3282976,0.0,0.0,0.0567571185529232,0.6966236233711243,0.0567571185529232,0.6966236233711243,False,True,False
1777711845.4287548,0.0,0.0,0.056786973029375076,0.6964787244796753,0.056786973029375076,0.6964787244796753,False,True,False
1777711845.529415,0.0,0.0,0.056786973029375076,0.6964787244796753,0.056786973029375076,0.6964787244796753,False,True,False
1777711845.6299105,0.0,0.0,0.056817229837179184,0.6953856348991394,0.056817229837179184,0.6953856348991394,False,True,False
1777711845.7304883,0.0,0.0,0.056817226111888885,0.6953856348991394,0.056817226111888885,0.6953856348991394,False,True,False
1777711845.8309715,0.0,0.0,0.05680206045508385,0.6954647898674011,0.05680206045508385,0.6954647898674011,False,True,False
1777711845.9314444,0.0,0.0,0.05680206045508385,0.6954647302627563,0.05680206045508385,0.6954647302627563,False,True,False
1777711846.0319176,0.0,0.0,0.05676192790269852,0.6981509327888489,0.05676192790269852,0.6981509327888489,False,True,False
1777711846.1324902,0.0,0.0,0.05676192790269852,0.6981509923934937,0.05676192790269852,0.6981509923934937,False,True,False
1777711846.2329605,0.0,0.0,0.05683518573641777,0.695729672908783,0.05683518573641777,0.695729672908783,False,True,False
1777711846.3334765,0.0,0.0,0.05683518573641777,0.695729672908783,0.05683518573641777,0.695729672908783,False,True,False
1777711846.4339206,0.0,0.0,0.056749846786260605,0.6975070238113403,0.056749846786260605,0.6975070238113403,False,True,False
1777711846.534872,0.0,0.0,0.05674983933568001,0.6975070238113403,0.05674983933568001,0.6975070238113403,False,True,False
1777711846.6355648,0.01368421052631579,-0.16,0.05674983933568001,0.6975070238113403,0.043065628809364216,0.8575070238113404,True,False,False
1777711846.7359016,0.01368421052631579,-0.16,0.05679742991924286,0.6950401663780212,0.04311321939292707,0.8550401663780213,True,False,False
1777711846.8363924,0.01368421052631579,-0.32,0.05679742991924286,0.6950401663780212,0.04311321939292707,1.0150401663780213,True,False,False
1777711846.9367766,0.01368421052631579,-0.32,0.056842006742954254,0.694069504737854,0.04315779621663846,1.014069504737854,True,False,False
1777711847.0373416,0.01368421052631579,-0.48,0.056842006742954254,0.694069504737854,0.04315779621663846,1.174069504737854,True,False,False
1777711847.1377115,0.01368421052631579,-0.48,0.05685461312532425,0.6960673928260803,0.04317040259900846,1.1760673928260803,True,False,False
1777711847.2383227,0.01368421052631579,-0.8,0.05685461312532425,0.6960673928260803,0.04317040259900846,1.4960673928260804,True,False,False
1777711847.33864,0.01368421052631579,-0.8,0.05684557184576988,0.694841742515564,0.04316136131945409,1.494841742515564,True,False,False
1777711847.4391549,0.01368421052631579,-1.0,0.05684557184576988,0.694841742515564,0.04316136131945409,1.694841742515564,True,False,False
1777711847.5394647,0.01368421052631579,-1.0,0.056724078953266144,0.6997013688087463,0.04303986842695035,1.6997013688087463,True,False,False
1777711847.6399424,0.01368421052631579,-1.0,0.056724078953266144,0.6997013688087463,0.04303986842695035,1.6997013688087463,True,False,False
1777711847.7402961,0.01368421052631579,-1.0,0.05710791423916817,0.689339816570282,0.043423703712852375,1.689339816570282,True,False,False
1777711847.8408363,0.01368421052631579,-1.0,0.05710791423916817,0.689339816570282,0.043423703712852375,1.689339816570282,True,False,False
1777711847.9411607,0.01368421052631579,-1.0,0.05765155330300331,0.6438258290290833,0.04396734277668752,1.6438258290290833,True,False,False
1777711848.0418384,0.1386842105263158,-1.0,0.05765155330300331,0.6438258290290833,0.08103265722331249,1.6438258290290833,True,False,False
1777711848.1423864,0.1386842105263158,-1.0,0.0544690303504467,0.3160302937030792,0.0842151801758691,1.3160302937030792,True,False,False
1777711848.2428715,0.21894736842105267,-1.0,0.0544690303504467,0.3160302937030792,0.16447833807060597,1.3160302937030792,True,False,False
1777711848.343168,0.21894736842105267,-1.0,0.054441966116428375,0.16394218802452087,0.1645054023046243,1.1639421880245209,True,False,False
1777711848.4436498,0.19157894736842107,-1.0,0.054441966116428375,0.16394218802452087,0.1371369812519927,1.1639421880245209,True,False,False
1777711848.5440474,0.19157894736842107,-1.0,0.0746273621916771,-0.6365715265274048,0.11695158517674398,0.3634284734725952,False,False,False
1777711848.6445856,0.16421052631578947,-1.0,0.0746273621916771,-0.6365715265274048,0.08958316412411238,0.3634284734725952,False,False,False
1777711848.7449114,0.16421052631578947,-1.0,0.07276700437068939,-0.11312881857156754,0.09144352194510008,0.8868711814284325,False,False,False
1777711848.8454056,0.04105263157894737,-1.0,0.07276700437068939,-0.11312881857156754,0.031714372791742024,0.8868711814284325,False,False,False
1777711848.945758,0.04105263157894737,-1.0,0.07175848633050919,0.07424645870923996,0.030705854751561817,1.07424645870924,True,False,False
1777711849.0463266,0.06842105263157895,-1.0,0.07175848633050919,0.07424645870923996,0.003337433698930234,1.07424645870924,True,False,False
1777711849.1468472,0.06842105263157895,-1.0,0.07452916353940964,0.6177882552146912,0.0061081109078306856,1.6177882552146912,True,False,False
1777711849.2473357,0.08210526315789474,-1.0,0.07452916353940964,0.6177882552146912,0.007576099618485099,1.6177882552146912,True,False,False
1777711849.3476675,0.08210526315789474,-1.0,0.07394835352897644,0.7616618871688843,0.008156909628918296,1.7616618871688843,True,False,False
1777711849.448191,0.01368421052631579,-1.0,0.07394835352897644,0.7616618871688843,0.06026414300266065,1.7616618871688843,True,False,False
1777711849.5487146,0.01368421052631579,-1.0,0.07455940544605255,0.7704082131385803,0.06087519491973676,1.7704082131385803,True,False,False
1777711849.649369,0.1094736842105263,-0.8947368421052632,0.07455940544605255,0.7704082131385803,0.034914278764473755,1.6651450552438436,True,False,False
1777711849.7497454,0.1094736842105263,-0.8947368421052632,0.07367648929357529,0.7696208357810974,0.03579719491695102,1.6643576778863607,True,False,False
1777711849.8505528,0.02736842105263158,-0.7894736842105263,0.07367648929357529,0.7696208357810974,0.0463080682409437,1.5590945199916237,True,False,False
1777711849.9508936,0.02736842105263158,-0.7894736842105263,0.0752769336104393,0.7811893820762634,0.04790851255780772,1.5706630662867898,True,False,False
1777711850.0514092,0.02736842105263158,-0.6842105263157895,0.0752769336104393,0.7811893820762634,0.04790851255780772,1.4653999083920528,True,False,False
1777711850.1517258,0.02736842105263158,-0.6842105263157895,0.07504966855049133,0.7791481614112854,0.04768124749785975,1.4633586877270748,True,False,False
1777711850.2521741,0.0,-0.20421052631578943,0.07504966855049133,0.7791481614112854,0.07504966855049133,0.9833586877270748,True,False,False
1777711850.3524816,0.0,-0.20421052631578943,0.07540936768054962,0.7801927924156189,0.07540936768054962,0.9844033187314083,True,False,False
1777711850.4529874,0.02736842105263158,0.4357894736842106,0.07540936768054962,0.7801927924156189,0.04804094662791804,0.3444033187314083,False,False,False
1777711850.5534508,0.02736842105263158,0.4357894736842106,0.07584422081708908,0.7854171991348267,0.0484757997644575,0.34962772545061604,False,False,False
1777711850.65401,0.01368421052631579,0.6842105263157894,0.07584422081708908,0.7854171991348267,0.06216001029077329,0.10120667281903728,False,False,False
1777711850.754371,0.01368421052631579,0.6842105263157894,0.07592500746250153,0.7873244285583496,0.062240796936185734,0.10311390224256023,False,False,False
1777711850.8549454,0.01368421052631579,0.5789473684210525,0.07592500746250153,0.7873244285583496,0.062240796936185734,0.20837706013729707,False,False,False
1777711850.9552953,0.01368421052631579,0.5789473684210525,0.07593560963869095,0.7879948019981384,0.06225139911237516,0.20904743357708588,False,False,False
1777711851.0557773,0.01368421052631579,0.5789473684210525,0.07593560963869095,0.7879948019981384,0.06225139911237516,0.20904743357708588,False,False,False
1777711851.1560686,0.01368421052631579,0.5789473684210525,0.07587630301713943,0.7865298390388489,0.06219209249082364,0.20758247061779633,False,False,False
1777711851.2568474,0.01368421052631579,0.4736842105263157,0.07587630301713943,0.7865298390388489,0.06219209249082364,0.31284562851253317,False,False,False
1777711851.3574142,0.01368421052631579,0.4736842105263157,0.07567627727985382,0.7831752896308899,0.06199206675353803,0.3094910791045742,False,False,False
1777711851.4580364,0.01368421052631579,0.4736842105263157,0.07567627727985382,0.7831752896308899,0.06199206675353803,0.3094910791045742,False,False,False
1777711851.5583405,0.01368421052631579,0.4736842105263157,0.07530014216899872,0.7790507674217224,0.061615931642682926,0.3053665568954067,False,False,False
1777711851.6587718,0.01368421052631579,0.36842105263157887,0.07530014216899872,0.7790507674217224,0.061615931642682926,0.41062971479014354,False,False,False
1777711851.7591763,0.01368421052631579,0.36842105263157887,0.07428847253322601,0.7683401703834534,0.06060426200691022,0.3999191177518745,False,False,False
1777711851.8596725,0.01368421052631579,0.36842105263157887,0.07428847253322601,0.7683401703834534,0.06060426200691022,0.3999191177518745,False,False,False
1777711851.9600325,0.01368421052631579,0.36842105263157887,0.07395875453948975,0.763227105140686,0.060274544013173954,0.39480605250910716,False,False,False
1777711852.0605407,0.01368421052631579,0.36842105263157887,0.07395875453948975,0.763227105140686,0.060274544013173954,0.39480605250910716,False,False,False
1777711852.161175,0.01368421052631579,0.36842105263157887,0.07447891682386398,0.7722593545913696,0.06079470629754819,0.40383830195979076,False,False,False
1777711852.2618036,0.0,-0.05684210526315797,0.07447891682386398,0.7722593545913696,0.07447891682386398,0.8291014598545277,True,False,False
1777711852.3620403,0.0,-0.05684210526315797,0.07407896220684052,0.7660237550735474,0.07407896220684052,0.8228658603367054,True,False,False
1777711852.4626422,0.0,0.26315789473684204,0.07407896220684052,0.7660237550735474,0.07407896220684052,0.5028658603367053,False,False,False
1777711852.5630293,0.0,0.26315789473684204,0.07456051558256149,0.7712748050689697,0.07456051558256149,0.5081169103321277,False,False,False
1777711852.66366,0.0,0.1578947368421052,0.07456051558256149,0.7712748050689697,0.07456051558256149,0.6133800682268645,False,False,False
1777711852.7640018,0.0,0.1578947368421052,0.07404480874538422,0.7647584080696106,0.07404480874538422,0.6068636712275054,False,False,False
1777711852.8647,0.0,0.1578947368421052,0.07404480874538422,0.7647584080696106,0.07404480874538422,0.6068636712275054,False,False,False
1777711852.9650297,0.0,0.1578947368421052,0.07359181344509125,0.7667124271392822,0.07359181344509125,0.608817690297177,False,False,False
1777711853.065568,0.0,0.1578947368421052,0.07359181344509125,0.7667124271392822,0.07359181344509125,0.608817690297177,False,False,False
1777711853.1659815,0.0,0.1578947368421052,0.07359784096479416,0.7639538645744324,0.07359784096479416,0.6060591277323272,False,False,False
1777711853.266604,0.0,-0.1621052631578948,0.07359784096479416,0.7639538645744324,0.07359784096479416,0.9260591277323271,True,False,False
1777711853.367033,0.0,-0.1621052631578948,0.07373296469449997,0.7588169574737549,0.07373296469449997,0.9209222206316496,True,False,False
1777711853.4676218,0.04105263157894737,-0.8021052631578949,0.07373296469449997,0.7588169574737549,0.0326803331155526,1.5609222206316498,True,False,False
1777711853.5679677,0.04105263157894737,-0.8021052631578949,0.07378724217414856,0.7575232982635498,0.03273461059520119,1.5596285614214447,True,False,False
1777711853.668701,0.04105263157894737,-1.0,0.07378724217414856,0.7575232982635498,0.03273461059520119,1.7575232982635498,True,False,False
1777711853.7690706,0.04105263157894737,-1.0,0.07300124317407608,0.7455982565879822,0.03194861159512871,1.7455982565879822,True,False,False
1777711853.8695633,0.06842105263157895,-1.0,0.07300124317407608,0.7455982565879822,0.004580190542497128,1.7455982565879822,True,False,False
1777711853.9698913,0.06842105263157895,-1.0,0.07334593683481216,0.7525022625923157,0.004924884203233212,1.7525022625923157,True,False,False
1777711854.0704808,0.06842105263157895,-0.8947368421052632,0.07334593683481216,0.7525022625923157,0.004924884203233212,1.647239104697579,True,False,False
1777711854.17079,0.06842105263157895,-0.8947368421052632,0.07387953996658325,0.7718820571899414,0.0054584873350043,1.6666188992952047,True,False,False
1777711854.271279,0.013684210526315792,-0.84,0.07387953996658325,0.7718820571899414,0.06019532944026746,1.6118820571899413,True,False,False
1777711854.3716753,0.013684210526315792,-0.84,0.0748768150806427,0.77730792760849,0.06119260455432691,1.6173079276084898,True,False,False
1777711854.4721842,0.01368421052631579,-0.19999999999999987,0.0748768150806427,0.77730792760849,0.06119260455432691,0.9773079276084898,True,False,False
1777711854.5725567,0.01368421052631579,-0.19999999999999987,0.07489898800849915,0.776076078414917,0.061214777482183354,0.9760760784149168,True,False,False
1777711854.6730928,0.0,0.12000000000000013,0.07489898800849915,0.776076078414917,0.07489898800849915,0.6560760784149169,False,False,False
1777711854.7733407,0.0,0.12000000000000013,0.07561225444078445,0.7824795246124268,0.07561225444078445,0.6624795246124267,False,False,False
1777711854.8738472,0.0,-0.5199999999999999,0.07561225444078445,0.7824795246124268,0.07561225444078445,1.3024795246124268,True,False,False
1777711854.974229,0.0,-0.5199999999999999,0.0757693499326706,0.7858352065086365,0.0757693499326706,1.3058352065086365,True,False,False
1777711855.0747619,0.0,-0.7894736842105263,0.0757693499326706,0.7858352065086365,0.0757693499326706,1.5753088907191628,True,False,False
1777711855.1751401,0.0,-0.7894736842105263,0.07583469897508621,0.7867211699485779,0.07583469897508621,1.5761948541591042,True,False,False
1777711855.2756388,0.0,-0.6842105263157895,0.07583469897508621,0.7867211699485779,0.07583469897508621,1.4709316962643673,True,False,False
1777711855.3759863,0.0,-0.6842105263157895,0.07570227235555649,0.7856140732765198,0.07570227235555649,1.4698245995923092,True,False,False
1777711855.476621,0.0,-0.84,0.07570227235555649,0.7856140732765198,0.07570227235555649,1.6256140732765196,True,False,False
1777711855.5769532,0.0,-0.84,0.07589605450630188,0.7879641056060791,0.07589605450630188,1.627964105606079,True,False,False
1777711855.6775844,0.0,-0.8947368421052632,0.07589605450630188,0.7879641056060791,0.07589605450630188,1.6827009477113424,True,False,False
1777711855.7779157,0.0,-0.8947368421052632,0.07598522305488586,0.7890282273292542,0.07598522305488586,1.6837650694345174,True,False,False
1777711855.878391,0.0,-0.6336842105263158,0.07598522305488586,0.7890282273292542,0.07598522305488586,1.42271243785557,True,False,False
1777711855.9787436,0.0,-0.6336842105263158,0.07549332082271576,0.7895153760910034,0.07549332082271576,1.4231995866173193,True,False,False
1777711856.0793912,0.02736842105263158,-0.6294736842105263,0.07549332082271576,0.7895153760910034,0.048124899770084176,1.4189890603015298,True,False,False
1777711856.1796863,0.02736842105263158,-0.6294736842105263,0.07536990940570831,0.7898134589195251,0.04800148835307673,1.4192871431300516,True,False,False
1777711856.2802868,0.02736842105263158,-0.5789473684210527,0.07536990940570831,0.7898134589195251,0.04800148835307673,1.3687608273405778,True,False,False
1777711856.3806648,0.02736842105263158,-0.5789473684210527,0.07502079010009766,0.7894166707992554,0.04765236904746607,1.368364039220308,True,False,False
1777711856.4812071,0.0,-1.0,0.07502079010009766,0.7894166707992554,0.07502079010009766,1.7894166707992554,True,False,False
1777711856.5817044,0.0,-1.0,0.07441036403179169,0.7881116271018982,0.07441036403179169,1.7881116271018982,True,False,False
1777711856.682224,0.0,-1.0,0.07441036403179169,0.7881116271018982,0.07441036403179169,1.7881116271018982,True,False,False
1777711856.7825718,0.0,-1.0,0.07478346675634384,0.7882811427116394,0.07478346675634384,1.7882811427116394,True,False,False
1777711856.8832304,0.0,-0.84,0.07478346675634384,0.7882811427116394,0.07478346675634384,1.6282811427116393,True,False,False
1777711856.9835634,0.0,-0.84,0.07484456896781921,0.789493978023529,0.07484456896781921,1.629493978023529,True,False,False
1777711857.0841532,0.0,-0.19999999999999987,0.07484456896781921,0.789493978023529,0.07484456896781921,0.9894939780235289,True,False,False
1777711857.1845055,0.0,-0.19999999999999987,0.07398203760385513,0.7897133231163025,0.07398203760385513,0.9897133231163023,True,False,False
1777711857.2850184,0.0,-0.26315789473684215,0.07398203760385513,0.7897133231163025,0.07398203760385513,1.0528712178531445,True,False,False
1777711857.3854382,0.0,-0.26315789473684215,0.0738600492477417,0.7889666557312012,0.0738600492477417,1.0521245504680432,True,False,False
1777711857.4859138,0.0,0.1578947368421052,0.0738600492477417,0.7889666557312012,0.0738600492477417,0.631071918889096,False,False,False
1777711857.5862722,0.0,0.1578947368421052,0.0735226571559906,0.7886330485343933,0.0735226571559906,0.6307383116922881,False,False,False
1777711857.686852,0.0,0.1578947368421052,0.0735226571559906,0.7886330485343933,0.0735226571559906,0.6307383116922881,False,False,False
1777711857.7873037,0.0,0.1578947368421052,0.07373537868261337,0.7887266278266907,0.07373537868261337,0.6308318909845855,False,False,False
1777711857.8880358,0.0,0.05263157894736836,0.07373537868261337,0.7887266278266907,0.07373537868261337,0.7360950488793223,False,False,False
1777711857.988437,0.0,0.05263157894736836,0.07363157719373703,0.7886280417442322,0.07363157719373703,0.7359964627968638,False,False,False
1777711858.0892775,0.0,0.05263157894736836,0.07363157719373703,0.7886280417442322,0.07363157719373703,0.7359964627968638,False,False,False
1777711858.1896923,0.0,0.05263157894736836,0.07372518628835678,0.788694441318512,0.07372518628835678,0.7360628623711436,False,False,False
1777711858.291996,0.0,0.05263157894736836,0.07372518628835678,0.788694441318512,0.07372518628835678,0.7360628623711436,False,False,False
1777711858.3925548,0.0,0.05263157894736836,0.07380015403032303,0.7886659502983093,0.07380015403032303,0.736034371350941,False,False,False
1777711858.4939775,0.0,0.05263157894736836,0.07380015403032303,0.7886659502983093,0.07380015403032303,0.736034371350941,False,False,False
1777711858.5945725,0.0,0.05263157894736836,0.07367029786109924,0.7886037826538086,0.07367029786109924,0.7359722037064402,False,False,False
1777711858.6952474,0.0,0.05263157894736836,0.07367029786109924,0.7886037826538086,0.07367029786109924,0.7359722037064402,False,False,False
1777711858.795869,0.0,0.05263157894736836,0.07382216304540634,0.7888569235801697,0.07382216304540634,0.7362253446328013,False,False,False
1777711858.8967705,0.0,0.05263157894736836,0.07382216304540634,0.7888569235801697,0.07382216304540634,0.7362253446328013,False,False,False
1777711858.9970658,0.0,0.05263157894736836,0.07356970012187958,0.788649320602417,0.07356970012187958,0.7360177416550486,False,False,False
1777711859.0975032,0.0,0.05263157894736836,0.07356970012187958,0.788649320602417,0.07356970012187958,0.7360177416550486,False,False,False
1777711859.1978295,0.0,0.05263157894736836,0.07405779510736465,0.7891287207603455,0.07405779510736465,0.7364971418129771,False,False,False
1777711859.2982793,0.0,0.05263157894736836,0.07405779510736465,0.7891287207603455,0.07405779510736465,0.7364971418129771,False,False,False
1777711859.398672,0.0,0.05263157894736836,0.07395026832818985,0.7888387441635132,0.07395026832818985,0.7362071652161448,False,False,False
1777711859.4994774,0.0,0.05263157894736836,0.07395026832818985,0.7888387441635132,0.07395026832818985,0.7362071652161448,False,False,False
1777711859.5998437,0.0,0.05263157894736836,0.07409477233886719,0.7888028025627136,0.07409477233886719,0.7361712236153453,False,False,False
1777711859.7006083,0.0,0.05263157894736836,0.07409477233886719,0.7888028025627136,0.07409477233886719,0.7361712236153453,False,False,False
1777711859.802606,0.0,0.05263157894736836,0.07410138100385666,0.7887945771217346,0.07410138100385666,0.7361629981743663,False,False,False
1777711859.9044242,0.0,0.05263157894736836,0.07410138100385666,0.7887945771217346,0.07410138100385666,0.7361629981743663,False,False,False
1777711860.005179,0.0,0.05263157894736836,0.07410568743944168,0.7887879014015198,0.07410568743944168,0.7361563224541514,False,False,False
1777711860.1105566,0.0,0.05263157894736836,0.07410568743944168,0.7887879014015198,0.07410568743944168,0.7361563224541514,False,False,False
1777711860.2112603,0.0,0.05263157894736836,0.07418231666088104,0.7888086438179016,0.07418231666088104,0.7361770648705332,False,False,False
1777711860.31182,0.0,0.05263157894736836,0.07418231666088104,0.7888086438179016,0.07418231666088104,0.7361770648705332,False,False,False
1777711860.4125373,0.0,0.05263157894736836,0.07421258836984634,0.788873016834259,0.07421258836984634,0.7362414378868907,False,False,False
1777711860.513205,0.0,0.05263157894736836,0.07421258836984634,0.788873016834259,0.07421258836984634,0.7362414378868907,False,False,False
1777711860.6139257,0.0,0.05263157894736836,0.07371125370264053,0.7881725430488586,0.07371125370264053,0.7355409641014903,False,False,False
1777711860.7145424,0.0,0.05263157894736836,0.07371125370264053,0.7881725430488586,0.07371125370264053,0.7355409641014903,False,False,False
1777711860.8148797,0.0,0.05263157894736836,0.07383809238672256,0.7884058356285095,0.07383809238672256,0.7357742566811412,False,False,False
1777711860.9156466,0.01368421052631579,-0.10736842105263164,0.07383809238672256,0.7884058356285095,0.06015388186040677,0.8957742566811412,True,False,False
1777711861.0160272,0.01368421052631579,-0.10736842105263164,0.07372011244297028,0.7883688807487488,0.060035901916654484,0.8957373018013804,True,False,False
1777711861.116706,0.01368421052631579,0.0,0.07372011244297028,0.7883688807487488,0.060035901916654484,0.7883688807487488,False,False,False
1777711861.2170494,0.01368421052631579,0.0,0.07371381670236588,0.7883561253547668,0.060029606176050083,0.7883561253547668,False,False,False
1777711861.3176258,0.01368421052631579,0.0,0.07371381670236588,0.7883561253547668,0.060029606176050083,0.7883561253547668,False,False,False
1777711861.4180071,0.01368421052631579,0.0,0.07370739430189133,0.7883901000022888,0.060023183775575535,0.7883901000022888,False,False,False
1777711861.5186424,0.0,0.05263157894736836,0.07370739430189133,0.7883901000022888,0.07370739430189133,0.7357585210549205,False,False,False
1777711861.6190033,0.0,0.05263157894736836,0.07383325695991516,0.7884431481361389,0.07383325695991516,0.7358115691887706,False,False,False
1777711861.719581,0.0,0.05263157894736836,0.07383325695991516,0.7884431481361389,0.07383325695991516,0.7358115691887706,False,False,False
1777711861.819952,0.0,0.05263157894736836,0.07380954176187515,0.7883942127227783,0.07380954176187515,0.73576263377541,False,False,False
1777711861.9206934,0.0,0.05263157894736836,0.07380954176187515,0.7883942127227783,0.07380954176187515,0.73576263377541,False,False,False
1777711862.0210383,0.0,0.05263157894736836,0.07380468398332596,0.7884129881858826,0.07380468398332596,0.7357814092385142,False,False,False
1777711862.1216319,0.0,0.05263157894736836,0.07380468398332596,0.7884129881858826,0.07380468398332596,0.7357814092385142,False,False,False
1777711862.2221124,0.0,0.05263157894736836,0.07366153597831726,0.7883046865463257,0.07366153597831726,0.7356731075989573,False,False,False
1777711862.3226864,0.0,0.05263157894736836,0.07366153597831726,0.7883046865463257,0.07366153597831726,0.7356731075989573,False,False,False
1777711862.42306,0.0,0.05263157894736836,0.07368069142103195,0.7883331775665283,0.07368069142103195,0.73570159861916,False,False,False
1777711862.5236802,0.0,-0.052631578947368474,0.07368069142103195,0.7883331775665283,0.07368069142103195,0.8409647565138968,True,False,False
1777711862.624053,0.0,-0.052631578947368474,0.07369926571846008,0.7883779406547546,0.07369926571846008,0.8410095196021231,True,False,False
1777711862.7245226,0.0,0.05263157894736836,0.07369926571846008,0.7883779406547546,0.07369926571846008,0.7357463617073863,False,False,False
1777711862.8251984,0.0,0.05263157894736836,0.07418791949748993,0.7894617915153503,0.07418791949748993,0.736830212567982,False,False,False
1777711862.925832,0.0,0.05263157894736836,0.07418791949748993,0.7894617915153503,0.07418791949748993,0.736830212567982,False,False,False
1777711863.026202,0.0,0.05263157894736836,0.07416205108165741,0.7894921898841858,0.07416205108165741,0.7368606109368174,False,False,False
1777711863.1267955,0.0,0.05263157894736836,0.07416205108165741,0.7894921898841858,0.07416205108165741,0.7368606109368174,False,False,False
1777711863.227189,0.0,0.05263157894736836,0.07417429238557816,0.7894420623779297,0.07417429238557816,0.7368104834305613,False,False,False
1777711863.3277693,0.0,0.26315789473684204,0.07417429238557816,0.7894420623779297,0.07417429238557816,0.5262841676410877,False,False,False
1777711863.4281414,0.0,0.26315789473684204,0.07413934171199799,0.7891368269920349,0.07413934171199799,0.5259789322551929,False,False,False
1777711863.5288541,0.0,0.26315789473684204,0.07413934171199799,0.7891368269920349,0.07413934171199799,0.5259789322551929,False,False,False
1777711863.6292825,0.0,0.26315789473684204,0.07415323704481125,0.789141833782196,0.07415323704481125,0.525983939045354,False,False,False
1777711863.7298887,0.0,0.26315789473684204,0.07415323704481125,0.789141833782196,0.07415323704481125,0.525983939045354,False,False,False
1777711863.8303819,0.0,0.26315789473684204,0.07382427155971527,0.788544774055481,0.07382427155971527,0.5253868793186389,False,False,False
1777711863.9310575,0.0,0.1578947368421052,0.07382427155971527,0.788544774055481,0.07382427155971527,0.6306500372133758,False,False,False
1777711864.0314567,0.0,0.1578947368421052,0.07385832816362381,0.7883141040802002,0.07385832816362381,0.630419367238095,False,False,False
1777711864.1319506,0.0,0.1578947368421052,0.07385832816362381,0.7883141040802002,0.07385832816362381,0.630419367238095,False,False,False
1777711864.2322893,0.0,0.1578947368421052,0.07387811690568924,0.788767397403717,0.07387811690568924,0.6308726605616118,False,False,False
1777711864.3328044,0.0,0.1578947368421052,0.07387811690568924,0.788767397403717,0.07387811690568924,0.6308726605616118,False,False,False
1777711864.4331162,0.0,0.1578947368421052,0.07463149726390839,0.7900360226631165,0.07463149726390839,0.6321412858210113,False,False,False
1777711864.5335793,0.0,0.1578947368421052,0.07463149726390839,0.7900360226631165,0.07463149726390839,0.6321412858210113,False,False,False
1777711864.6339054,0.0,0.1578947368421052,0.07407260686159134,0.7898487448692322,0.07407260686159134,0.631954008027127,False,False,False
1777711864.7345436,0.0,0.1578947368421052,0.07407260686159134,0.7898487448692322,0.07407260686159134,0.631954008027127,False,False,False
1777711864.835079,0.0,0.1578947368421052,0.0740414634346962,0.7896177172660828,0.0740414634346962,0.6317229804239776,False,False,False
1777711864.9355435,0.0,0.05263157894736836,0.0740414634346962,0.7896177172660828,0.0740414634346962,0.7369861383187144,False,False,False
1777711865.0358806,0.0,0.05263157894736836,0.07396076619625092,0.7893907427787781,0.07396076619625092,0.7367591638314097,False,False,False
1777711865.1364038,0.0,0.05263157894736836,0.07396076619625092,0.7893907427787781,0.07396076619625092,0.7367591638314097,False,False,False
1777711865.23674,0.0,0.05263157894736836,0.07472196221351624,0.7905120253562927,0.07472196221351624,0.7378804464089244,False,False,False
1777711865.337227,0.0,0.05263157894736836,0.07472196221351624,0.7905120253562927,0.07472196221351624,0.7378804464089244,False,False,False
1777711865.4375346,0.0,0.05263157894736836,0.07483523339033127,0.789802074432373,0.07483523339033127,0.7371704954850047,False,False,False
1777711865.5381052,0.0,0.05263157894736836,0.07483523339033127,0.789802074432373,0.07483523339033127,0.7371704954850047,False,False,False
1777711865.6383703,0.0,0.05263157894736836,0.07485785335302353,0.7898058295249939,0.07485785335302353,0.7371742505776255,False,False,False
1777711865.738964,0.0,0.21263157894736837,0.07485785335302353,0.7898058295249939,0.07485785335302353,0.5771742505776255,False,False,False
1777711865.8394008,0.0,0.21263157894736837,0.0748758465051651,0.7898587584495544,0.0748758465051651,0.577227179502186,False,False,False
1777711865.9399905,0.0,0.8526315789473684,0.0748758465051651,0.7898587584495544,0.0748758465051651,0.06277282049781396,False,False,False
1777711866.0405064,0.0,0.8526315789473684,0.07488386332988739,0.7898359298706055,0.07488386332988739,0.06279564907676294,False,False,False
1777711866.1412666,0.09578947368421052,0.5199999999999998,0.07488386332988739,0.7898359298706055,0.02090561035432313,0.2698359298706057,False,False,False
1777711866.241704,0.09578947368421052,0.5199999999999998,0.07484839856624603,0.7897793054580688,0.02094107511796449,0.26977930545806905,False,False,False
1777711866.3422866,0.08210526315789474,-0.12000000000000025,0.07484839856624603,0.7897793054580688,0.007256864591648704,0.9097793054580691,True,False,False
1777711866.4426827,0.08210526315789474,-0.12000000000000025,0.07491196691989899,0.7895102500915527,0.00719329623799575,0.909510250091553,True,False,False
1777711866.5433002,0.0,-0.26315789473684215,0.07491196691989899,0.7895102500915527,0.07491196691989899,1.0526681448283948,True,False,False
1777711866.6436305,0.0,-0.26315789473684215,0.0750298872590065,0.7890793681144714,0.0750298872590065,1.0522372628513135,True,False,False
1777711866.74427,0.02736842105263158,0.1578947368421052,0.0750298872590065,0.7890793681144714,0.04766146620637492,0.6311846312723662,False,False,False
1777711866.8445845,0.02736842105263158,0.1578947368421052,0.07448969781398773,0.7882316708564758,0.04712127676135615,0.6303369340143706,False,False,False
1777711866.9450643,0.01368421052631579,0.1578947368421052,0.07448969781398773,0.7882316708564758,0.06080548728767194,0.6303369340143706,False,False,False
1777711867.0453331,0.01368421052631579,0.1578947368421052,0.07442180812358856,0.7881513833999634,0.06073759759727277,0.6302566465578582,False,False,False
1777711867.1457667,0.01368421052631579,0.0,0.07442180812358856,0.7881513833999634,0.06073759759727277,0.7881513833999634,False,False,False
1777711867.2461467,0.01368421052631579,0.0,0.07438395917415619,0.7881616950035095,0.0606997486478404,0.7881616950035095,False,False,False
1777711867.346641,0.01368421052631579,0.05263157894736836,0.07438395917415619,0.7881616950035095,0.0606997486478404,0.7355301160561412,False,False,False
1777711867.4469519,0.01368421052631579,0.05263157894736836,0.07431267946958542,0.7877022624015808,0.06062846894326963,0.7350706834542124,False,False,False
1777711867.547475,0.0,0.0,0.07431267946958542,0.7877022624015808,0.07431267946958542,0.7877022624015808,False,True,False
1777711867.6478677,0.0,0.0,0.07444841414690018,0.7880537509918213,0.07444841414690018,0.7880537509918213,False,True,False
1777711867.7483516,0.0,0.0,0.07444841414690018,0.7880537509918213,0.07444841414690018,0.7880537509918213,False,True,False
1777711867.8486905,0.0,0.0,0.07444104552268982,0.7880472540855408,0.07444104552268982,0.7880472540855408,False,True,False
1777711867.949274,0.0,0.0,0.07444104552268982,0.7880472540855408,0.07444104552268982,0.7880472540855408,False,True,False
1777711868.0495496,0.0,0.0,0.07453016936779022,0.7885745763778687,0.07453016936779022,0.7885745763778687,False,True,False
1777711868.1500394,0.01368421052631579,0.05263157894736836,0.07453016936779022,0.7885745763778687,0.06084595884147443,0.7359429974305003,False,False,False
1777711868.2504694,0.01368421052631579,0.05263157894736836,0.07456181198358536,0.788643479347229,0.060877601457269566,0.7360119003998606,False,False,False
1777711868.3510866,0.01368421052631579,0.05263157894736836,0.07456181198358536,0.788643479347229,0.060877601457269566,0.7360119003998606,False,False,False
1777711868.4513814,0.01368421052631579,0.05263157894736836,0.07450468838214874,0.7885710000991821,0.06082047785583295,0.7359394211518138,False,False,False
1777711868.5518506,0.01368421052631579,0.05263157894736836,0.07450468838214874,0.7885710000991821,0.06082047785583295,0.7359394211518138,False,False,False
1777711868.6522558,0.01368421052631579,0.05263157894736836,0.07456199824810028,0.7886136770248413,0.06087778772178449,0.735982098077473,False,False,False
1777711868.7527125,0.01368421052631579,0.05263157894736836,0.07456199824810028,0.7886136770248413,0.06087778772178449,0.735982098077473,False,False,False
1777711868.853088,0.01368421052631579,0.05263157894736836,0.07459358125925064,0.7886644601821899,0.06090937073293485,0.7360328812348216,False,False,False
1777711868.9535728,0.06842105263157895,-0.10736842105263164,0.07459358125925064,0.7886644601821899,0.006172528627671689,0.8960328812348216,True,False,False
1777711869.0539021,0.06842105263157895,-0.10736842105263164,0.07464872300624847,0.7888597846031189,0.006227670374669522,0.8962282056557506,True,False,False
1777711869.1545906,0.0,0.05263157894736836,0.07464872300624847,0.7888597846031189,0.07464872300624847,0.7362282056557505,False,False,False
1777711869.2549179,0.0,0.05263157894736836,0.07468150556087494,0.7888747453689575,0.07468150556087494,0.7362431664215892,False,False,False
1777711869.3554087,0.0,0.05263157894736836,0.07468150556087494,0.7888747453689575,0.07468150556087494,0.7362431664215892,False,False,False
1777711869.4557798,0.0,0.05263157894736836,0.07433325052261353,0.7880305647850037,0.07433325052261353,0.7353989858376353,False,False,False
1777711869.5563,0.0,0.05263157894736836,0.07433325052261353,0.7880305647850037,0.07433325052261353,0.7353989858376353,False,False,False
1777711869.6566727,0.0,0.05263157894736836,0.0743890255689621,0.7881552577018738,0.0743890255689621,0.7355236787545054,False,False,False
1777711869.7572327,0.0,0.05263157894736836,0.0743890255689621,0.7881552577018738,0.0743890255689621,0.7355236787545054,False,False,False
1777711869.8578076,0.0,0.05263157894736836,0.07434658706188202,0.7880822420120239,0.07434658706188202,0.7354506630646556,False,False,False
1777711869.9585385,0.0,0.05263157894736836,0.07434658706188202,0.7880822420120239,0.07434658706188202,0.7354506630646556,False,False,False
1777711870.0588684,0.0,0.05263157894736836,0.07435986399650574,0.7880626320838928,0.07435986399650574,0.7354310531365245,False,False,False
1777711870.1593733,0.0,0.05263157894736836,0.07435986399650574,0.7880626320838928,0.07435986399650574,0.7354310531365245,False,False,False
1777711870.2597122,0.0,0.05263157894736836,0.07441426813602448,0.7881339192390442,0.07441426813602448,0.7355023402916758,False,False,False
1777711870.3602812,0.0,-0.052631578947368474,0.07441426813602448,0.7881339192390442,0.07441426813602448,0.8407654981864127,True,False,False
1777711870.4606621,0.0,-0.052631578947368474,0.0743919238448143,0.7876775860786438,0.0743919238448143,0.8403091650260123,True,False,False
1777711870.5614617,0.05473684210526316,-0.26315789473684215,0.0743919238448143,0.7876775860786438,0.01965508173955114,1.0508354808154858,True,False,False
1777711870.661793,0.05473684210526316,-0.26315789473684215,0.07439135015010834,0.7876704335212708,0.019654508044845177,1.0508283282581128,True,False,False
1777711870.7625675,0.05473684210526316,-0.1578947368421053,0.07439135015010834,0.7876704335212708,0.019654508044845177,0.9455651703633761,True,False,False
1777711870.8629196,0.05473684210526316,-0.1578947368421053,0.07480635493993759,0.7883282899856567,0.02006951283467443,0.946223026827762,True,False,False
1777711870.9635797,0.05473684210526316,-0.052631578947368474,0.07480635493993759,0.7883282899856567,0.02006951283467443,0.8409598689330252,True,False,False
1777711871.064017,0.05473684210526316,-0.052631578947368474,0.07481029629707336,0.7883864045143127,0.020073454191810204,0.8410179834616812,True,False,False
1777711871.1649334,0.0,0.1621052631578947,0.07481029629707336,0.7883864045143127,0.07481029629707336,0.626281141356418,False,False,False
1777711871.265444,0.0,0.1621052631578947,0.07427673041820526,0.7876294255256653,0.07427673041820526,0.6255241623677705,False,False,False
1777711871.3661609,0.01368421052631579,0.5789473684210525,0.07427673041820526,0.7876294255256653,0.06059251989188947,0.20868205710461274,False,False,False
1777711871.4665093,0.01368421052631579,0.5789473684210525,0.07418191432952881,0.787998616695404,0.06049770380321302,0.2090512482743515,False,False,False
1777711871.567158,0.01368421052631579,0.26315789473684204,0.07418191432952881,0.787998616695404,0.06049770380321302,0.524840721958562,False,False,False
1777711871.6674676,0.01368421052631579,0.26315789473684204,0.07425551116466522,0.7879912257194519,0.06057130063834943,0.5248333309826099,False,False,False
1777711871.7681115,0.02736842105263158,0.7431578947368421,0.07425551116466522,0.7879912257194519,0.04688709011203364,0.044833330982609776,False,False,False
1777711871.868453,0.02736842105263158,0.7431578947368421,0.07437178492546082,0.7878548502922058,0.04700336387282923,0.04469695555536368,False,False,False
1777711871.969012,0.01368421052631579,0.9999999999999999,0.07437178492546082,0.7878548502922058,0.060687574399145024,0.21214514970779408,False,False,False
1777711872.0693724,0.01368421052631579,0.9999999999999999,0.07434290647506714,0.7874964475631714,0.06065869594875135,0.2125035524368285,False,False,False
1777711872.16986,0.0,0.8399999999999999,0.07434290647506714,0.7874964475631714,0.07434290647506714,0.05250355243682847,False,False,False
1777711872.270273,0.0,0.8399999999999999,0.07472888380289078,0.7884158492088318,0.07472888380289078,0.05158415079116807,False,False,False
1777711872.3708398,0.0,0.9999999999999999,0.07472888380289078,0.7884158492088318,0.07472888380289078,0.2115841507911681,False,False,False
1777711872.4712288,0.0,0.9999999999999999,0.0750143826007843,0.7887704968452454,0.0750143826007843,0.21122950315475453,False,False,False
1777711872.5719109,0.0,0.894736842105263,0.0750143826007843,0.7887704968452454,0.0750143826007843,0.10596634526001769,False,False,False
1777711872.6722941,0.0,0.894736842105263,0.07545223832130432,0.789040744304657,0.07545223832130432,0.10569609780060607,False,False,False
1777711872.7728674,0.0,0.7894736842105262,0.07545223832130432,0.789040744304657,0.07545223832130432,0.00043293990586923403,False,False,False
1777711872.8733606,0.0,0.7894736842105262,0.07588156312704086,0.787892758846283,0.07588156312704086,0.0015809253642432575,False,False,False
1777711872.9739497,0.0,0.6842105263157894,0.07588156312704086,0.787892758846283,0.07588156312704086,0.10368223253049358,False,False,False
1777711873.0744367,0.0,0.6842105263157894,0.07578987628221512,0.7862071394920349,0.07578987628221512,0.10199661317624553,False,False,False
1777711873.1750474,0.0,0.5789473684210525,0.07578987628221512,0.7862071394920349,0.07578987628221512,0.20725977107098237,False,False,False
1777711873.2755268,0.0,0.5789473684210525,0.07531581819057465,0.7796453237533569,0.07531581819057465,0.2006979553323044,False,False,False
1777711873.3763134,0.0,0.5789473684210525,0.07531581819057465,0.7796453237533569,0.07531581819057465,0.2006979553323044,False,False,False
1777711873.4767115,0.0,0.5789473684210525,0.07510863989591599,0.7771822810173035,0.07510863989591599,0.19823491259625092,False,False,False
1777711873.57733,0.0,0.4736842105263157,0.07510863989591599,0.7771822810173035,0.07510863989591599,0.30349807049098776,False,False,False
1777711873.6777387,0.0,0.4736842105263157,0.07433073967695236,0.7667493224143982,0.07433073967695236,0.2930651118880825,False,False,False
1777711873.778404,0.0,0.36842105263157887,0.07433073967695236,0.7667493224143982,0.07433073967695236,0.3983282697828193,False,False,False
1777711873.8787694,0.0,0.36842105263157887,0.07407576590776443,0.7639188170433044,0.07407576590776443,0.39549776441172557,False,False,False
1777711873.979782,0.0,0.36842105263157887,0.07407576590776443,0.7639188170433044,0.07407576590776443,0.39549776441172557,False,False,False
1777711874.0802548,0.0,0.36842105263157887,0.07453609257936478,0.768726646900177,0.07453609257936478,0.40030559426859813,False,False,False
1777711874.1808715,0.0,0.36842105263157887,0.07453609257936478,0.768726646900177,0.07453609257936478,0.40030559426859813,False,False,False
1777711874.2812934,0.0,0.36842105263157887,0.07425056397914886,0.7643735408782959,0.07425056397914886,0.395952488246717,False,False,False
1777711874.3818476,0.0,0.26315789473684204,0.07425056397914886,0.7643735408782959,0.07425056397914886,0.5012156461414539,False,False,False
1777711874.4822512,0.0,0.26315789473684204,0.07418826967477798,0.7623357176780701,0.07418826967477798,0.49917782294122803,False,False,False
1777711874.5828168,0.0,0.26315789473684204,0.07418826967477798,0.7623357176780701,0.07418826967477798,0.49917782294122803,False,False,False
1777711874.6832008,0.0,0.26315789473684204,0.07388965040445328,0.7590649724006653,0.07388965040445328,0.49590707766382325,False,False,False
1777711874.783723,0.0,0.26315789473684204,0.07388965040445328,0.7590649724006653,0.07388965040445328,0.49590707766382325,False,False,False
1777711874.8841662,0.0,0.26315789473684204,0.07434256374835968,0.7633585333824158,0.07434256374835968,0.5002006386455737,False,False,False
1777711874.9848044,0.0,0.1578947368421052,0.07434256374835968,0.7633585333824158,0.07434256374835968,0.6054637965403106,False,False,False
1777711875.085357,0.0,0.1578947368421052,0.07333089411258698,0.7489528059959412,0.07333089411258698,0.591058069153836,False,False,False
1777711875.1859212,0.0,0.1578947368421052,0.07333089411258698,0.7489528059959412,0.07333089411258698,0.591058069153836,False,False,False
1777711875.2863226,0.0,0.1578947368421052,0.0736805722117424,0.7561020255088806,0.0736805722117424,0.5982072886667754,False,False,False
1777711875.3869448,0.01368421052631579,0.1578947368421052,0.0736805722117424,0.7561020255088806,0.05999636168542661,0.5982072886667754,False,False,False
1777711875.4873073,0.01368421052631579,0.1578947368421052,0.07423798739910126,0.763401448726654,0.060553776872785466,0.6055067118845489,False,False,False
1777711875.5878904,0.01368421052631579,0.1578947368421052,0.07423798739910126,0.763401448726654,0.060553776872785466,0.6055067118845489,False,False,False
1777711875.6882248,0.01368421052631579,0.1578947368421052,0.07388528436422348,0.7573179006576538,0.06020107383790769,0.5994231638155486,False,False,False
1777711875.788747,0.01368421052631579,0.1578947368421052,0.07388528436422348,0.7573179006576538,0.06020107383790769,0.5994231638155486,False,False,False
1777711875.8891249,0.01368421052631579,0.1578947368421052,0.07398543506860733,0.7601351141929626,0.06030122454229154,0.6022403773508574,False,False,False
1777711875.9905212,0.01368421052631579,0.1578947368421052,0.07398543506860733,0.7601351141929626,0.06030122454229154,0.6022403773508574,False,False,False
1777711876.091528,0.01368421052631579,0.1578947368421052,0.07305562496185303,0.7421703338623047,0.059371414435537236,0.5842755970201995,False,False,False
1777711876.1928318,0.0,0.05263157894736836,0.07305562496185303,0.7421703338623047,0.07305562496185303,0.6895387549149363,False,False,False
1777711876.2935157,0.0,0.05263157894736836,0.07382743805646896,0.7345634698867798,0.07382743805646896,0.6819318909394114,False,False,False
1777711876.3946831,0.0,0.26315789473684204,0.07382743805646896,0.7345634698867798,0.07382743805646896,0.47140557514993775,False,False,False
1777711876.495096,0.0,0.26315789473684204,0.07347986102104187,0.6961667537689209,0.07347986102104187,0.43300885903207886,False,False,False
1777711876.59612,0.0,0.1578947368421052,0.07347986102104187,0.6961667537689209,0.07347986102104187,0.5382720169268157,False,False,False
1777711876.6964428,0.0,0.1578947368421052,0.07357590645551682,0.6748403310775757,0.07357590645551682,0.5169455942354705,False,False,False
1777711876.7974005,0.0,0.1578947368421052,0.07357590645551682,0.6748403310775757,0.07357590645551682,0.5169455942354705,False,False,False
1777711876.8981245,0.0,0.1578947368421052,0.0740182027220726,0.626358151435852,0.0740182027220726,0.46846341459374685,False,False,False
1777711876.9998784,0.0,0.1578947368421052,0.0740182027220726,0.626358151435852,0.0740182027220726,0.46846341459374685,False,False,False
1777711877.1008942,0.0,0.1578947368421052,0.07504697889089584,0.522770345211029,0.07504697889089584,0.36487560836892385,False,False,False
1777711877.2030218,0.0,0.1578947368421052,0.07504697889089584,0.522770345211029,0.07504697889089584,0.36487560836892385,False,False,False
1777711877.303737,0.0,0.1578947368421052,0.06965067982673645,-0.7476544380187988,0.06965067982673645,0.905549174860904,True,False,False
1777711877.40435,0.0,0.1578947368421052,0.06965067982673645,-0.7476544380187988,0.06965067982673645,0.905549174860904,True,False,False
1777711877.504699,0.0,0.1578947368421052,0.06898605078458786,-0.7423858046531677,0.06898605078458786,0.9002805414952729,True,False,False
1777711877.6053421,0.0,0.05263157894736836,0.06898605078458786,-0.7423858046531677,0.06898605078458786,0.7950173836005361,True,False,False
1777711877.7057505,0.0,0.05263157894736836,0.07494901120662689,-0.479623407125473,0.07494901120662689,0.5322549860728414,True,False,False
1777711877.8070927,0.0,0.05263157894736836,0.07494901120662689,-0.479623407125473,0.07494901120662689,0.5322549860728414,True,False,False
1777711877.9077597,0.0,0.05263157894736836,0.07502414286136627,-0.638821005821228,0.07502414286136627,0.6914525847685964,True,False,False
1777711878.0091858,0.0,0.05263157894736836,0.07502414286136627,-0.638821005821228,0.07502414286136627,0.6914525847685964,True,False,False
1777711878.109553,0.0,0.05263157894736836,0.07527437806129456,-0.6870062947273254,0.07527437806129456,0.7396378736746938,True,False,False
1777711878.210669,0.0,0.0,0.07527437806129456,-0.6870062947273254,0.07527437806129456,0.6870062947273254,False,True,False
1777711878.310946,0.0,0.0,0.07535433769226074,-0.7336865067481995,0.07535433769226074,0.7336865067481995,False,True,False
1777711878.411481,0.0,0.05263157894736836,0.07535433769226074,-0.7336865067481995,0.07535433769226074,0.7863180856955678,True,False,False
1777711878.5118463,0.0,0.05263157894736836,0.06298968940973282,-0.6520130038261414,0.06298968940973282,0.7046445827735097,True,False,False
1777711878.6123338,0.0,0.05263157894736836,0.06298968940973282,-0.6520130038261414,0.06298968940973282,0.7046445827735097,True,False,False
1777711878.7126713,0.0,0.05263157894736836,0.07412208616733551,-0.5905963778495789,0.07412208616733551,0.6432279567969472,True,False,False
1777711878.8131976,0.0,0.05263157894736836,0.07412208616733551,-0.5905963778495789,0.07412208616733551,0.6432279567969472,True,False,False
1777711878.9135141,0.0,0.05263157894736836,0.0750093162059784,-0.6589426398277283,0.0750093162059784,0.7115742187750966,True,False,False
1777711879.0140424,0.0,0.05263157894736836,0.0750093162059784,-0.6589426398277283,0.0750093162059784,0.7115742187750966,True,False,False
1777711879.1143444,0.0,0.05263157894736836,0.0749855488538742,-0.6627709269523621,0.0749855488538742,0.7154025058997304,True,False,False
1777711879.2148688,0.0,0.05263157894736836,0.0749855488538742,-0.6627709269523621,0.0749855488538742,0.7154025058997304,True,False,False
1777711879.315205,0.0,0.05263157894736836,0.07491110265254974,-0.7102861404418945,0.07491110265254974,0.7629177193892629,True,False,False
1777711879.41612,0.0,0.05263157894736836,0.07491110265254974,-0.7102861404418945,0.07491110265254974,0.7629177193892629,True,False,False
1777711879.5165384,0.0,0.05263157894736836,0.07509195804595947,-0.7669361233711243,0.07509195804595947,0.8195677023184926,True,False,False
1777711879.617032,0.0,0.05263157894736836,0.07509195804595947,-0.7669361233711243,0.07509195804595947,0.8195677023184926,True,False,False
1777711879.7173545,0.0,0.05263157894736836,0.07494749873876572,-0.7582426071166992,0.07494749873876572,0.8108741860640676,True,False,False
1777711879.8178074,0.0,0.05263157894736836,0.07494749873876572,-0.7582426071166992,0.07494749873876572,0.8108741860640676,True,False,False
1777711879.9181905,0.0,0.05263157894736836,0.060867052525281906,-0.5692304372787476,0.060867052525281906,0.6218620162261159,True,False,False
1777711880.0186477,0.0,0.05263157894736836,0.060867052525281906,-0.5692304372787476,0.060867052525281906,0.6218620162261159,True,False,False
1777711880.1189747,0.0,0.05263157894736836,0.06149980425834656,-0.5922225713729858,0.06149980425834656,0.6448541503203542,True,False,False
1777711880.219713,0.0,0.05263157894736836,0.06149980425834656,-0.5922225713729858,0.06149980425834656,0.6448541503203542,True,False,False
1777711880.3201065,0.0,0.05263157894736836,0.07502993196249008,-0.766096293926239,0.07502993196249008,0.8187278728736074,True,False,False
1777711880.4205382,0.0,-0.052631578947368474,0.07502993196249008,-0.766096293926239,0.07502993196249008,0.7134647149788705,False,False,False
1777711880.5209622,0.0,-0.052631578947368474,0.05251692235469818,-0.007580190896987915,0.05251692235469818,0.04505138805038056,False,False,False
1777711880.6215456,0.0,-0.1578947368421053,0.05251692235469818,-0.007580190896987915,0.05251692235469818,0.1503145459451174,False,False,False
1777711880.721893,0.0,-0.1578947368421053,0.07471614331007004,-0.7649315595626831,0.07471614331007004,0.6070368227205778,False,False,False
1777711880.8224351,0.0,-0.052631578947368474,0.07471614331007004,-0.7649315595626831,0.07471614331007004,0.7122999806153146,False,False,False
1777711880.9227579,0.0,-0.052631578947368474,0.07424196600914001,-0.7646226286888123,0.07424196600914001,0.7119910497414438,False,False,False
1777711881.0233085,0.0,-0.052631578947368474,0.07424196600914001,-0.7646226286888123,0.07424196600914001,0.7119910497414438,False,False,False
1777711881.123702,0.0,-0.052631578947368474,0.07458987087011337,-0.7625993490219116,0.07458987087011337,0.7099677700745431,False,False,False
1777711881.2244043,0.0,-0.052631578947368474,0.07458987087011337,-0.7625993490219116,0.07458987087011337,0.7099677700745431,False,False,False
1777711881.3249376,0.0,-0.052631578947368474,0.053157493472099304,-0.11555661261081696,0.053157493472099304,0.06292503366344848,False,False,False
1777711881.425565,0.0,0.05263157894736836,0.053157493472099304,-0.11555661261081696,0.053157493472099304,0.16818819155818532,True,False,False
1777711881.525901,0.0,0.05263157894736836,0.052511103451251984,0.0038791231345385313,0.052511103451251984,0.04875245581282983,False,False,False
1777711881.6265345,0.0,0.05263157894736836,0.052511103451251984,0.0038791231345385313,0.052511103451251984,0.04875245581282983,False,False,False
1777711881.7268496,0.0,0.05263157894736836,0.07484404742717743,-0.7613582015037537,0.07484404742717743,0.813989780451122,True,False,False
1777711881.8276653,0.0,0.05263157894736836,0.07484404742717743,-0.7613582015037537,0.07484404742717743,0.813989780451122,True,False,False
1777711881.9280126,0.0,0.05263157894736836,0.07496881484985352,-0.7599610090255737,0.07496881484985352,0.8125925879729421,True,False,False
1777711882.0285904,0.0,0.05263157894736836,0.07496881484985352,-0.7599610090255737,0.07496881484985352,0.8125925879729421,True,False,False
1777711882.1289322,0.0,0.05263157894736836,0.06151560693979263,-0.5853452086448669,0.06151560693979263,0.6379767875922353,True,False,False
1777711882.229466,0.0,0.05263157894736836,0.06151560693979263,-0.5853452086448669,0.06151560693979263,0.6379767875922353,True,False,False
1777711882.3298295,0.0,0.05263157894736836,0.0748429074883461,-0.7612456679344177,0.0748429074883461,0.8138772468817861,True,False,False
1777711882.430549,0.0,0.05263157894736836,0.0748429074883461,-0.7612456679344177,0.0748429074883461,0.8138772468817861,True,False,False
1777711882.5310118,0.0,0.05263157894736836,0.06122959777712822,-0.5837763547897339,0.06122959777712822,0.6364079337371022,True,False,False
