stamp_sec,nav2_linear_x,nav2_angular_z,drl_linear_x,drl_angular_z,linear_abs_diff,angular_abs_diff,angular_sign_disagreement,target_source,target_distance,target_heading,nearest_obstacle,safety_stop,drl_target_sign_disagreement,nav2_zero,drl_zero
1777712950.4328072,0.125,0.16,0.0,0.0,0.125,0.16,False,,nan,nan,nan,,False,False,True
1777712950.533193,0.125,0.16,0.07628210633993149,0.7890374064445496,0.04871789366006851,0.6290374064445495,False,,nan,nan,nan,,False,False,False
1777712950.6335073,0.125,0.16,0.07628210633993149,0.7890374064445496,0.04871789366006851,0.6290374064445495,False,plan_lookahead,0.612,1.051,0.491,false,False,False,False
1777712950.7340658,0.16421052631578947,0.32,0.07628210633993149,0.7890374064445496,0.08792841997585799,0.46903740644454955,False,plan_lookahead,0.612,1.051,0.491,false,False,False,False
1777712950.8344831,0.16421052631578947,0.32,0.07628325372934341,0.7890492677688599,0.08792727258644606,0.46904926776885986,False,plan_lookahead,0.612,1.051,0.491,false,False,False,False
1777712950.9348185,0.16421052631578947,0.32,0.07628325372934341,0.7890492677688599,0.08792727258644606,0.46904926776885986,False,plan_lookahead,0.612,1.052,0.491,false,False,False,False
1777712951.0353127,0.16421052631578947,0.64,0.07628325372934341,0.7890492677688599,0.08792727258644606,0.14904926776885985,False,plan_lookahead,0.612,1.052,0.491,false,False,False,False
1777712951.1357572,0.16421052631578947,0.64,0.0762949138879776,0.7891548871994019,0.08791561242781187,0.14915488719940184,False,plan_lookahead,0.612,1.052,0.491,false,False,False,False
1777712951.2363665,0.16421052631578947,0.64,0.0762949138879776,0.7891548871994019,0.08791561242781187,0.14915488719940184,False,plan_lookahead,0.607,1.062,0.486,false,False,False,False
1777712951.33716,0.24631578947368427,0.9999999999999999,0.0762949138879776,0.7891548871994019,0.17002087558570667,0.21084511280059803,False,plan_lookahead,0.607,1.062,0.486,false,False,False,False
1777712951.4374418,0.24631578947368427,0.9999999999999999,0.07627297192811966,0.7889028191566467,0.1700428175455646,0.21109718084335316,False,plan_lookahead,0.607,1.062,0.486,false,False,False,False
1777712951.5379121,0.24631578947368427,0.9999999999999999,0.07627297192811966,0.7889028191566467,0.1700428175455646,0.21109718084335316,False,plan_lookahead,0.6,1.029,0.486,false,False,False,False
1777712951.639016,0.24631578947368427,0.894736842105263,0.07627297192811966,0.7889028191566467,0.1700428175455646,0.10583402294861632,False,plan_lookahead,0.6,1.029,0.486,false,False,False,False
1777712951.7394028,0.24631578947368427,0.894736842105263,0.0760776475071907,0.7866255640983582,0.17023814196649356,0.1081112780069049,False,plan_lookahead,0.6,1.029,0.486,false,False,False,False
1777712951.8398263,0.24631578947368427,0.894736842105263,0.0760776475071907,0.7866255640983582,0.17023814196649356,0.1081112780069049,False,plan_lookahead,0.603,0.875,0.511,false,False,False,False
1777712951.9410434,0.26,0.6842105263157894,0.0760776475071907,0.7866255640983582,0.1839223524928093,0.10241503778256877,False,plan_lookahead,0.603,0.875,0.511,false,False,False,False
1777712952.0414507,0.26,0.6842105263157894,0.07453401386737823,0.7658909559249878,0.18546598613262177,0.08168042960919841,False,plan_lookahead,0.603,0.875,0.511,false,False,False,False
1777712952.1417694,0.26,0.6842105263157894,0.07453401386737823,0.7658909559249878,0.18546598613262177,0.08168042960919841,False,plan_lookahead,0.607,0.67,0.579,false,False,False,False
1777712952.2423491,0.26,0.4736842105263157,0.07453401386737823,0.7658909559249878,0.18546598613262177,0.2922067453986721,False,plan_lookahead,0.607,0.67,0.579,false,False,False,False
1777712952.342664,0.26,0.4736842105263157,0.07485321164131165,0.7707614898681641,0.18514678835868836,0.29707727934184835,False,plan_lookahead,0.607,0.67,0.579,false,False,False,False
1777712952.442958,0.26,0.4736842105263157,0.07485321164131165,0.7707614898681641,0.18514678835868836,0.29707727934184835,False,plan_lookahead,0.618,0.448,0.632,false,False,False,False
1777712952.543759,0.20526315789473687,0.36842105263157887,0.07485321164131165,0.7707614898681641,0.13040994625342522,0.4023404372365852,False,plan_lookahead,0.618,0.448,0.632,false,False,False,False
1777712952.6441097,0.20526315789473687,0.36842105263157887,0.07665199786424637,0.22898493707180023,0.1286111600304905,0.13943611555977864,False,plan_lookahead,0.618,0.448,0.632,false,False,False,False
1777712952.744364,0.20526315789473687,0.36842105263157887,0.07665199786424637,0.22898493707180023,0.1286111600304905,0.13943611555977864,False,plan_lookahead,0.602,0.28,0.655,false,False,False,False
1777712952.8449829,0.23263157894736847,0.36842105263157887,0.07665199786424637,0.22898493707180023,0.1559795810831221,0.13943611555977864,False,plan_lookahead,0.602,0.28,0.655,false,False,False,False
1777712952.945416,0.23263157894736847,0.36842105263157887,0.07656226307153702,-0.7602786421775818,0.15606931587583145,1.1286996948091605,True,plan_lookahead,0.602,0.28,0.655,false,True,False,False
1777712953.045867,0.23263157894736847,0.36842105263157887,0.07656226307153702,-0.7602786421775818,0.15606931587583145,1.1286996948091605,True,plan_lookahead,0.609,0.13,0.632,false,True,False,False
1777712953.14658,0.26,0.10315789473684203,0.07656226307153702,-0.7602786421775818,0.183437736928463,0.8634365369144238,True,plan_lookahead,0.609,0.13,0.632,false,True,False,False
1777712953.2469535,0.26,0.10315789473684203,0.07288619875907898,-0.6739519834518433,0.18711380124092103,0.7771098781886853,True,plan_lookahead,0.609,0.13,0.632,false,True,False,False
1777712953.347406,0.26,0.10315789473684203,0.07288619875907898,-0.6739519834518433,0.18711380124092103,0.7771098781886853,True,plan_lookahead,0.62,0.034,0.551,false,True,False,False
1777712953.448358,0.20526315789473687,0.1578947368421052,0.07288619875907898,-0.6739519834518433,0.1323769591356579,0.8318467202939485,True,plan_lookahead,0.62,0.034,0.551,false,True,False,False
1777712953.5486953,0.20526315789473687,0.1578947368421052,0.07233532518148422,-0.7729103565216064,0.13292783271325265,0.9308050933637116,True,plan_lookahead,0.62,0.034,0.551,false,True,False,False
1777712953.6490796,0.20526315789473687,0.1578947368421052,0.07233532518148422,-0.7729103565216064,0.13292783271325265,0.9308050933637116,True,plan_lookahead,0.619,-0.063,0.515,false,False,False,False
1777712953.7494774,0.26,0.10736842105263153,0.07233532518148422,-0.7729103565216064,0.1876646748185158,0.880278777574238,True,plan_lookahead,0.619,-0.063,0.515,false,False,False,False
1777712953.8498013,0.26,0.10736842105263153,0.0744863897562027,-0.7773990631103516,0.1855136102437973,0.8847674841629831,True,plan_lookahead,0.619,-0.063,0.515,false,False,False,False
1777712953.9501178,0.26,0.10736842105263153,0.0744863897562027,-0.7773990631103516,0.1855136102437973,0.8847674841629831,True,plan_lookahead,0.604,-0.084,0.443,false,False,False,False
1777712954.0507386,0.24631578947368427,0.36842105263157887,0.0744863897562027,-0.7773990631103516,0.17182939971748157,1.1458201157419303,True,plan_lookahead,0.604,-0.084,0.443,false,False,False,False
1777712954.1510274,0.24631578947368427,0.36842105263157887,0.07096656411886215,-0.7636544704437256,0.1753492253548221,1.1320755230753043,True,plan_lookahead,0.604,-0.084,0.443,false,False,False,False
1777712954.251401,0.24631578947368427,0.36842105263157887,0.07096656411886215,-0.7636544704437256,0.1753492253548221,1.1320755230753043,True,plan_lookahead,0.64,-0.077,0.424,false,False,False,False
1777712954.3519168,0.26,0.20842105263157887,0.07096656411886215,-0.7636544704437256,0.18903343588113786,0.9720755230753044,True,plan_lookahead,0.64,-0.077,0.424,false,False,False,False
1777712954.4522645,0.26,0.20842105263157887,0.06816618889570236,-0.7222276926040649,0.19183381110429765,0.9306487452356438,True,plan_lookahead,0.64,-0.077,0.424,false,False,False,False
1777712954.5525799,0.26,0.20842105263157887,0.06816618889570236,-0.7222276926040649,0.19183381110429765,0.9306487452356438,True,plan_lookahead,0.616,-0.083,0.367,false,False,False,False
1777712954.6530895,0.24631578947368427,0.05263157894736836,0.06816618889570236,-0.7222276926040649,0.1781496005779819,0.7748592715514333,True,plan_lookahead,0.616,-0.083,0.367,false,False,False,False
1777712954.7534387,0.24631578947368427,0.05263157894736836,0.06849613040685654,-0.7437824606895447,0.17781965906682773,0.796414039636913,True,plan_lookahead,0.616,-0.083,0.367,false,False,False,False
1777712954.853812,0.24631578947368427,0.05263157894736836,0.06849613040685654,-0.7437824606895447,0.17781965906682773,0.796414039636913,True,plan_lookahead,0.654,-0.032,0.349,false,False,False,False
1777712954.9543638,0.26,0.20842105263157887,0.06849613040685654,-0.7437824606895447,0.19150386959314347,0.9522035133211235,True,plan_lookahead,0.654,-0.032,0.349,false,False,False,False
1777712955.054703,0.26,0.20842105263157887,0.07071773707866669,-0.7274373769760132,0.18928226292133332,0.935858429607592,True,plan_lookahead,0.654,-0.032,0.349,false,False,False,False
1777712955.1552494,0.26,0.20842105263157887,0.07071773707866669,-0.7274373769760132,0.18928226292133332,0.935858429607592,True,plan_lookahead,0.638,-0.04,0.354,false,False,False,False
1777712955.2560177,0.26,0.26315789473684204,0.07071773707866669,-0.7274373769760132,0.18928226292133332,0.9905952717128552,True,plan_lookahead,0.638,-0.04,0.354,false,False,False,False
1777712955.3565152,0.26,0.26315789473684204,0.07517743110656738,-0.7678596377372742,0.18482256889343263,1.0310175324741162,True,plan_lookahead,0.638,-0.04,0.354,false,False,False,False
1777712955.4569502,0.26,0.26315789473684204,0.07517743110656738,-0.7678596377372742,0.18482256889343263,1.0310175324741162,True,plan_lookahead,0.6,0.01,0.364,false,True,False,False
1777712955.5576189,0.26,0.26315789473684204,0.07517743110656738,-0.7678596377372742,0.18482256889343263,1.0310175324741162,True,plan_lookahead,0.6,0.01,0.364,false,True,False,False
1777712955.658214,0.26,0.26315789473684204,0.07633659243583679,-0.7881674766540527,0.18366340756416322,1.0513253713908948,True,plan_lookahead,0.6,0.01,0.364,false,True,False,False
1777712955.7585466,0.26,0.26315789473684204,0.07633659243583679,-0.7881674766540527,0.18366340756416322,1.0513253713908948,True,plan_lookahead,0.618,0.111,0.383,false,True,False,False
1777712955.8592803,0.26,0.05263157894736836,0.07633659243583679,-0.7881674766540527,0.18366340756416322,0.8407990556014211,True,plan_lookahead,0.618,0.111,0.383,false,True,False,False
1777712955.9597564,0.26,0.05263157894736836,0.07065697759389877,-0.7185056805610657,0.18934302240610124,0.771137259508434,True,plan_lookahead,0.618,0.111,0.383,false,True,False,False
1777712956.0601962,0.26,0.05263157894736836,0.07065697759389877,-0.7185056805610657,0.18934302240610124,0.771137259508434,True,plan_lookahead,0.589,0.17,0.434,false,True,False,False
1777712956.1610484,0.26,0.26315789473684204,0.07065697759389877,-0.7185056805610657,0.18934302240610124,0.9816635752979077,True,plan_lookahead,0.589,0.17,0.434,false,True,False,False
1777712956.2615304,0.26,0.26315789473684204,0.07177174091339111,-0.7645487189292908,0.1882282590866089,1.0277066136661328,True,plan_lookahead,0.589,0.17,0.434,false,True,False,False
1777712956.361878,0.26,0.26315789473684204,0.07177174091339111,-0.7645487189292908,0.1882282590866089,1.0277066136661328,True,plan_lookahead,0.51,0.145,0.464,false,True,False,False
1777712956.4625673,0.26,0.10315789473684203,0.07177174091339111,-0.7645487189292908,0.1882282590866089,0.8677066136661328,True,plan_lookahead,0.51,0.145,0.464,false,True,False,False
1777712956.5630915,0.26,0.10315789473684203,0.07307790964841843,-0.7661225199699402,0.18692209035158158,0.8692804147067822,True,plan_lookahead,0.51,0.145,0.464,false,True,False,False
1777712956.663439,0.26,0.10315789473684203,0.07307790964841843,-0.7661225199699402,0.18692209035158158,0.8692804147067822,True,plan_lookahead,0.484,0.165,0.544,false,True,False,False
1777712956.7639952,0.21894736842105267,0.05263157894736836,0.07307790964841843,-0.7661225199699402,0.14586945877263424,0.8187540989173085,True,plan_lookahead,0.484,0.165,0.544,false,True,False,False
1777712956.864424,0.21894736842105267,0.05263157894736836,0.07087476551532745,-0.7662467360496521,0.14807260290572521,0.8188783149970205,True,plan_lookahead,0.484,0.165,0.544,false,True,False,False
1777712956.9649236,0.21894736842105267,0.05263157894736836,0.07087476551532745,-0.7662467360496521,0.14807260290572521,0.8188783149970205,True,plan_lookahead,0.405,0.132,0.579,false,True,False,False
1777712957.065498,0.19157894736842107,0.1578947368421052,0.07087476551532745,-0.7662467360496521,0.12070418185309362,0.9241414728917573,True,plan_lookahead,0.405,0.132,0.579,false,True,False,False
1777712957.1658607,0.19157894736842107,0.1578947368421052,0.06971672922372818,-0.7670057415962219,0.12186221814469289,0.9249004784383271,True,plan_lookahead,0.405,0.132,0.579,false,True,False,False
1777712957.266295,0.19157894736842107,0.1578947368421052,0.06971672922372818,-0.7670057415962219,0.12186221814469289,0.9249004784383271,True,plan_lookahead,0.339,0.135,0.576,false,True,False,False
1777712957.3668678,0.0,-0.4736842105263158,0.06971672922372818,-0.7670057415962219,0.06971672922372818,0.2933215310699061,False,plan_lookahead,0.339,0.135,0.576,false,True,False,False
1777712957.4672318,0.0,-0.4736842105263158,0.06779240816831589,-0.7587708830833435,0.06779240816831589,0.2850866725570277,False,plan_lookahead,0.339,0.135,0.576,false,True,False,False
1777712957.5677507,0.0,-0.4736842105263158,0.06779240816831589,-0.7587708830833435,0.06779240816831589,0.2850866725570277,False,plan_lookahead,0.023,0.073,0.572,false,True,False,False
1777712957.6682932,0.0,-0.368421052631579,0.06779240816831589,-0.7587708830833435,0.06779240816831589,0.3903498304517645,False,plan_lookahead,0.023,0.073,0.572,false,True,False,False
1777712957.768622,0.0,-0.368421052631579,0.0636143684387207,-0.7152910232543945,0.0636143684387207,0.34686997062281555,False,plan_lookahead,0.023,0.073,0.572,false,True,False,False
1777712957.868909,0.0,-0.368421052631579,0.0636143684387207,-0.7152910232543945,0.0636143684387207,0.34686997062281555,False,plan_lookahead,0.013,0.732,0.556,false,True,False,False
1777712957.9695797,0.0,-0.368421052631579,0.0636143684387207,-0.7152910232543945,0.0636143684387207,0.34686997062281555,False,plan_lookahead,0.013,0.732,0.556,false,True,False,False
1777712958.0699153,0.0,-0.368421052631579,0.06377537548542023,-0.13982436060905457,0.06377537548542023,0.22859669202252442,False,plan_lookahead,0.013,0.732,0.556,false,True,False,False
1777712958.1702116,0.0,-0.368421052631579,0.06377537548542023,-0.13982436060905457,0.06377537548542023,0.22859669202252442,False,plan_lookahead,0.013,0.882,0.565,false,True,False,False
1777712958.2707636,0.0,-0.26315789473684215,0.06377537548542023,-0.13982436060905457,0.06377537548542023,0.12333353412778758,False,plan_lookahead,0.013,0.882,0.565,false,True,False,False
1777712958.371163,0.0,-0.26315789473684215,0.07049502432346344,0.6832700371742249,0.07049502432346344,0.946427931911067,True,plan_lookahead,0.013,0.882,0.565,false,False,False,False
1777712958.4717045,0.0,-0.26315789473684215,0.07049502432346344,0.6832700371742249,0.07049502432346344,0.946427931911067,True,plan_lookahead,0.013,1.007,0.57,false,False,False,False
1777712958.5722816,0.0,-0.26315789473684215,0.07049502432346344,0.6832700371742249,0.07049502432346344,0.946427931911067,True,plan_lookahead,0.013,1.007,0.57,false,False,False,False
1777712958.6726384,0.0,-0.26315789473684215,0.05058945715427399,0.6476556658744812,0.05058945715427399,0.9108135606113233,True,plan_lookahead,0.013,1.007,0.57,false,False,False,False
1777712958.7729647,0.0,-0.26315789473684215,0.05058945715427399,0.6476556658744812,0.05058945715427399,0.9108135606113233,True,plan_lookahead,0.038,-1.803,0.574,false,True,False,False
1777712958.873509,0.0,-0.1578947368421053,0.05058945715427399,0.6476556658744812,0.05058945715427399,0.8055504027165865,True,plan_lookahead,0.038,-1.803,0.574,false,True,False,False
1777712958.9738302,0.0,-0.1578947368421053,0.05332714319229126,0.6482377052307129,0.05332714319229126,0.8061324420728182,True,plan_lookahead,0.038,-1.803,0.574,false,True,False,False
1777712959.0742009,0.0,-0.1578947368421053,0.05332714319229126,0.6482377052307129,0.05332714319229126,0.8061324420728182,True,plan_lookahead,0.038,-1.726,0.576,false,True,False,False
1777712959.1748536,0.0,-0.1578947368421053,0.05332714319229126,0.6482377052307129,0.05332714319229126,0.8061324420728182,True,plan_lookahead,0.038,-1.726,0.576,false,True,False,False
1777712959.2752051,0.0,-0.1578947368421053,0.053717050701379776,0.6270990967750549,0.053717050701379776,0.7849938336171602,True,plan_lookahead,0.038,-1.726,0.576,false,True,False,False
1777712959.3755336,0.0,-0.1578947368421053,0.053717050701379776,0.6270990967750549,0.053717050701379776,0.7849938336171602,True,plan_lookahead,0.038,-1.659,0.585,false,True,False,False
1777712959.4760199,0.0,0.0,0.053717050701379776,0.6270990967750549,0.053717050701379776,0.6270990967750549,False,plan_lookahead,0.038,-1.659,0.585,false,True,True,False
1777712959.5763183,0.0,0.0,0.050192661583423615,0.6506261229515076,0.050192661583423615,0.6506261229515076,False,plan_lookahead,0.038,-1.659,0.585,false,True,True,False
1777712959.676669,0.0,0.0,0.050192661583423615,0.6506261229515076,0.050192661583423615,0.6506261229515076,False,plan_lookahead,0.038,-1.618,0.588,false,True,True,False
1777712959.7773438,0.0,0.0,0.050192661583423615,0.6506261229515076,0.050192661583423615,0.6506261229515076,False,plan_lookahead,0.038,-1.618,0.588,false,True,True,False
1777712959.877695,0.0,0.0,0.05579761788249016,-0.4832102358341217,0.05579761788249016,0.4832102358341217,False,plan_lookahead,0.038,-1.618,0.588,false,False,True,False
1777712959.9781168,0.0,0.0,0.05579761788249016,-0.4832102358341217,0.05579761788249016,0.4832102358341217,False,plan_lookahead,0.037,-0.527,0.583,false,False,True,False
1777712960.0787418,0.0,0.0,0.05579761788249016,-0.4832102358341217,0.05579761788249016,0.4832102358341217,False,plan_lookahead,0.037,-0.527,0.583,false,False,True,False
1777712960.1791396,0.0,0.0,0.06772889941930771,-0.759178638458252,0.06772889941930771,0.759178638458252,False,plan_lookahead,0.037,-0.527,0.583,false,False,True,False
1777712960.2795668,0.0,0.0,0.06772889941930771,-0.759178638458252,0.06772889941930771,0.759178638458252,False,plan_lookahead,0.037,-0.528,0.584,false,False,True,False
1777712960.3801537,0.0,0.0,0.06772889941930771,-0.759178638458252,0.06772889941930771,0.759178638458252,False,plan_lookahead,0.037,-0.528,0.584,false,False,True,False
1777712960.480573,0.0,0.0,0.06694521009922028,-0.7497512102127075,0.06694521009922028,0.7497512102127075,False,plan_lookahead,0.037,-0.528,0.584,false,False,True,False
1777712960.580935,0.0,0.0,0.06694521009922028,-0.7497512102127075,0.06694521009922028,0.7497512102127075,False,plan_lookahead,0.037,-0.528,0.589,false,False,True,False
1777712960.68145,0.0,0.0,0.06694521009922028,-0.7497512102127075,0.06694521009922028,0.7497512102127075,False,plan_lookahead,0.037,-0.528,0.589,false,False,True,False
1777712960.7817662,0.0,0.0,0.06752189248800278,-0.7568504214286804,0.06752189248800278,0.7568504214286804,False,plan_lookahead,0.037,-0.528,0.589,false,False,True,False
1777712960.8820617,0.0,0.0,0.06752189248800278,-0.7568504214286804,0.06752189248800278,0.7568504214286804,False,plan_lookahead,0.045,-0.334,0.585,false,False,True,False
1777712960.9825168,0.0,0.0,0.06752189248800278,-0.7568504214286804,0.06752189248800278,0.7568504214286804,False,plan_lookahead,0.045,-0.334,0.585,false,False,True,False
1777712961.0828547,0.0,0.0,0.0718967393040657,-0.7802941203117371,0.0718967393040657,0.7802941203117371,False,plan_lookahead,0.045,-0.334,0.585,false,False,True,False
1777712961.1832569,0.0,0.0,0.0718967393040657,-0.7802941203117371,0.0718967393040657,0.7802941203117371,False,plan_lookahead,0.058,-0.152,0.591,false,False,True,False
1777712961.2838361,0.0,0.0,0.0718967393040657,-0.7802941203117371,0.0718967393040657,0.7802941203117371,False,plan_lookahead,0.058,-0.152,0.591,false,False,True,False
1777712961.3842695,0.0,0.0,0.07196063548326492,-0.781045138835907,0.07196063548326492,0.781045138835907,False,plan_lookahead,0.058,-0.152,0.591,false,False,True,False
1777712961.4846318,0.0,0.0,0.07196063548326492,-0.781045138835907,0.07196063548326492,0.781045138835907,False,plan_lookahead,0.058,-0.152,0.587,false,False,True,False
1777712961.5853395,0.0,0.0,0.07196063548326492,-0.781045138835907,0.07196063548326492,0.781045138835907,False,plan_lookahead,0.058,-0.152,0.587,false,False,True,False
1777712961.6857226,0.0,0.0,0.07195582985877991,-0.7811445593833923,0.07195582985877991,0.7811445593833923,False,plan_lookahead,0.058,-0.152,0.587,false,False,True,False
1777712961.7860577,0.0,0.0,0.07195582985877991,-0.7811445593833923,0.07195582985877991,0.7811445593833923,False,plan_lookahead,0.058,-0.152,0.581,false,False,True,False
1777712961.8865745,0.0,0.0,0.07195582985877991,-0.7811445593833923,0.07195582985877991,0.7811445593833923,False,plan_lookahead,0.058,-0.152,0.581,false,False,True,False
1777712961.986947,0.0,0.0,0.07194270938634872,-0.7808405160903931,0.07194270938634872,0.7808405160903931,False,plan_lookahead,0.058,-0.152,0.581,false,False,True,False
1777712962.0872965,0.0,0.0,0.07194270938634872,-0.7808405160903931,0.07194270938634872,0.7808405160903931,False,plan_lookahead,0.058,-0.152,0.588,false,False,True,False
1777712962.187854,0.0,0.0,0.07194270938634872,-0.7808405160903931,0.07194270938634872,0.7808405160903931,False,plan_lookahead,0.058,-0.152,0.588,false,False,True,False
1777712962.2882147,0.0,0.0,0.07193361967802048,-0.7808263897895813,0.07193361967802048,0.7808263897895813,False,plan_lookahead,0.058,-0.152,0.588,false,False,True,False
1777712962.388517,0.0,0.0,0.07193361967802048,-0.7808263897895813,0.07193361967802048,0.7808263897895813,False,plan_lookahead,0.058,-0.152,0.571,false,False,True,False
1777712962.489311,0.0,0.0,0.07193361967802048,-0.7808263897895813,0.07193361967802048,0.7808263897895813,False,plan_lookahead,0.058,-0.152,0.571,false,False,True,False
1777712962.5896702,0.0,0.0,0.07193940877914429,-0.780641496181488,0.07193940877914429,0.780641496181488,False,plan_lookahead,0.058,-0.152,0.571,false,False,True,False
1777712962.6900246,0.0,0.0,0.07193940877914429,-0.780641496181488,0.07193940877914429,0.780641496181488,False,plan_lookahead,0.058,-0.152,0.588,false,False,True,False
1777712962.7906344,0.0,0.0,0.07193940877914429,-0.780641496181488,0.07193940877914429,0.780641496181488,False,plan_lookahead,0.058,-0.152,0.588,false,False,True,False
1777712962.89098,0.0,0.0,0.07198669016361237,-0.7810012102127075,0.07198669016361237,0.7810012102127075,False,plan_lookahead,0.058,-0.152,0.588,false,False,True,False
1777712962.9912405,0.0,0.0,0.07198669016361237,-0.7810012102127075,0.07198669016361237,0.7810012102127075,False,plan_lookahead,0.058,-0.152,0.574,false,False,True,False
1777712963.091735,0.0,0.0,0.07194516062736511,-0.7808437347412109,0.07194516062736511,0.7808437347412109,False,plan_lookahead,0.058,-0.152,0.574,false,False,True,False
1777712963.1921656,0.0,0.0,0.07194516062736511,-0.7808437347412109,0.07194516062736511,0.7808437347412109,False,plan_lookahead,0.058,-0.152,0.587,false,False,True,False
1777712963.2926874,0.0,0.0,0.07196487486362457,-0.7809441685676575,0.07196487486362457,0.7809441685676575,False,plan_lookahead,0.058,-0.152,0.587,false,False,True,False
1777712963.393099,0.0,0.0,0.07196487486362457,-0.7809441685676575,0.07196487486362457,0.7809441685676575,False,plan_lookahead,0.058,-0.152,0.594,false,False,True,False
1777712963.4935718,0.0,0.0,0.07187812775373459,-0.7800275683403015,0.07187812775373459,0.7800275683403015,False,plan_lookahead,0.058,-0.152,0.594,false,False,True,False
1777712963.5939891,0.0,0.0,0.07187812775373459,-0.7800275683403015,0.07187812775373459,0.7800275683403015,False,plan_lookahead,0.058,-0.152,0.598,false,False,True,False
1777712963.6948183,0.0,0.0,0.07188283652067184,-0.7801591753959656,0.07188283652067184,0.7801591753959656,False,plan_lookahead,0.058,-0.152,0.598,false,False,True,False
1777712963.7952144,0.0,0.0,0.07188283652067184,-0.7801591753959656,0.07188283652067184,0.7801591753959656,False,plan_lookahead,0.058,-0.152,0.587,false,False,True,False
1777712963.8958485,0.0,1.0,0.07188283652067184,-0.7801591753959656,0.07188283652067184,1.7801591753959656,True,plan_lookahead,0.058,-0.152,0.587,false,False,False,False
1777712963.996201,0.0,1.0,0.0720052719116211,-0.7812197804450989,0.0720052719116211,1.7812197804450989,True,plan_lookahead,0.058,-0.152,0.587,false,False,False,False
1777712964.0967407,0.0,1.0,0.0720052719116211,-0.7812197804450989,0.0720052719116211,1.7812197804450989,True,plan_lookahead,0.058,-0.152,0.595,false,False,False,False
1777712964.1974914,0.0,1.0,0.0720052719116211,-0.7812197804450989,0.0720052719116211,1.7812197804450989,True,plan_lookahead,0.058,-0.152,0.595,false,False,False,False
1777712964.2980244,0.0,1.0,0.07197976857423782,-0.7808413505554199,0.07197976857423782,1.78084135055542,True,plan_lookahead,0.058,-0.152,0.595,false,False,False,False
1777712964.3984158,0.0,1.0,0.07197976857423782,-0.7808413505554199,0.07197976857423782,1.78084135055542,True,plan_lookahead,0.058,-0.152,0.591,false,False,False,False
1777712964.4991536,0.0,1.0,0.07197976857423782,-0.7808413505554199,0.07197976857423782,1.78084135055542,True,plan_lookahead,0.058,-0.152,0.591,false,False,False,False
1777712964.599712,0.0,1.0,0.07195825129747391,-0.7810045480728149,0.07195825129747391,1.781004548072815,True,plan_lookahead,0.058,-0.152,0.591,false,False,False,False
1777712964.7001002,0.0,1.0,0.07195825129747391,-0.7810045480728149,0.07195825129747391,1.781004548072815,True,plan_lookahead,0.058,-0.152,0.594,false,False,False,False
1777712964.8007514,0.0,1.0,0.07195825129747391,-0.7810045480728149,0.07195825129747391,1.781004548072815,True,plan_lookahead,0.058,-0.152,0.594,false,False,False,False
1777712964.901391,0.0,1.0,0.07191774249076843,-0.7804967761039734,0.07191774249076843,1.7804967761039734,True,plan_lookahead,0.058,-0.152,0.594,false,False,False,False
1777712965.0021062,0.0,1.0,0.07191774249076843,-0.7804967761039734,0.07191774249076843,1.7804967761039734,True,plan_lookahead,0.058,-0.298,0.596,false,False,False,False
1777712965.1045322,0.0,1.0,0.07191774249076843,-0.7804967761039734,0.07191774249076843,1.7804967761039734,True,plan_lookahead,0.058,-0.298,0.596,false,False,False,False
1777712965.2053015,0.0,1.0,0.07108822464942932,-0.7858116030693054,0.07108822464942932,1.7858116030693054,True,plan_lookahead,0.058,-0.298,0.596,false,False,False,False
1777712965.3060238,0.0,1.0,0.07108822464942932,-0.7858116030693054,0.07108822464942932,1.7858116030693054,True,plan_lookahead,0.058,-0.465,0.58,false,False,False,False
1777712965.4077582,0.0,1.0,0.07108822464942932,-0.7858116030693054,0.07108822464942932,1.7858116030693054,True,plan_lookahead,0.058,-0.465,0.58,false,False,False,False
1777712965.508866,0.0,1.0,0.058584168553352356,-0.5891385078430176,0.058584168553352356,1.5891385078430176,True,plan_lookahead,0.058,-0.465,0.58,false,False,False,False
1777712965.609237,0.0,1.0,0.058584168553352356,-0.5891385078430176,0.058584168553352356,1.5891385078430176,True,plan_lookahead,0.059,-0.863,0.562,false,False,False,False
1777712965.7118118,0.0,1.0,0.058584168553352356,-0.5891385078430176,0.058584168553352356,1.5891385078430176,True,plan_lookahead,0.059,-0.863,0.562,false,False,False,False
1777712965.8137965,0.0,1.0,0.05602043494582176,-0.25148600339889526,0.05602043494582176,1.2514860033988953,True,plan_lookahead,0.059,-0.863,0.562,false,False,False,False
1777712965.9142866,0.0,1.0,0.05602043494582176,-0.25148600339889526,0.05602043494582176,1.2514860033988953,True,plan_lookahead,0.059,-1.127,0.532,false,False,False,False
1777712966.0149105,0.0,1.0,0.05602043494582176,-0.25148600339889526,0.05602043494582176,1.2514860033988953,True,plan_lookahead,0.059,-1.127,0.532,false,False,False,False
1777712966.1165965,0.0,1.0,0.05141206458210945,0.098256915807724,0.05141206458210945,0.901743084192276,False,plan_lookahead,0.059,-1.127,0.532,false,True,False,False
1777712966.2196586,0.0,1.0,0.05141206458210945,0.098256915807724,0.05141206458210945,0.901743084192276,False,plan_lookahead,0.059,-1.5,0.517,false,True,False,False
1777712966.321075,0.0,1.0,0.05141206458210945,0.098256915807724,0.05141206458210945,0.901743084192276,False,plan_lookahead,0.059,-1.5,0.517,false,True,False,False
1777712966.421507,0.0,1.0,0.050117578357458115,-0.14706067740917206,0.050117578357458115,1.147060677409172,True,plan_lookahead,0.059,-1.5,0.517,false,False,False,False
1777712966.5218458,0.0,1.0,0.050117578357458115,-0.14706067740917206,0.050117578357458115,1.147060677409172,True,plan_lookahead,0.054,-1.577,0.497,false,False,False,False
1777712966.6225069,0.0,1.0,0.050117578357458115,-0.14706067740917206,0.050117578357458115,1.147060677409172,True,plan_lookahead,0.054,-1.577,0.497,false,False,False,False
1777712966.7232256,0.0,1.0,0.05442112684249878,-0.460900217294693,0.05442112684249878,1.460900217294693,True,plan_lookahead,0.054,-1.577,0.497,false,False,False,False
1777712966.8242557,0.0,1.0,0.05442112684249878,-0.460900217294693,0.05442112684249878,1.460900217294693,True,plan_lookahead,0.058,-1.582,0.49,false,False,False,False
1777712966.9248211,0.0,1.0,0.05442112684249878,-0.460900217294693,0.05442112684249878,1.460900217294693,True,plan_lookahead,0.058,-1.582,0.49,false,False,False,False
1777712967.0251784,0.0,1.0,0.05924692004919052,-0.6279428601264954,0.05924692004919052,1.6279428601264954,True,plan_lookahead,0.058,-1.582,0.49,false,False,False,False
1777712967.1254928,0.0,1.0,0.05924692004919052,-0.6279428601264954,0.05924692004919052,1.6279428601264954,True,plan_lookahead,0.068,-1.607,0.496,false,False,False,False
1777712967.2260811,0.0,1.0,0.05924692004919052,-0.6279428601264954,0.05924692004919052,1.6279428601264954,True,plan_lookahead,0.068,-1.607,0.496,false,False,False,False
1777712967.3263807,0.0,1.0,0.057020366191864014,-0.5612091422080994,0.057020366191864014,1.5612091422080994,True,plan_lookahead,0.068,-1.607,0.496,false,False,False,False
1777712967.4267755,0.0,1.0,0.057020366191864014,-0.5612091422080994,0.057020366191864014,1.5612091422080994,True,plan_lookahead,0.074,-1.625,0.501,false,False,False,False
1777712967.5275698,0.0,1.0,0.057020366191864014,-0.5612091422080994,0.057020366191864014,1.5612091422080994,True,plan_lookahead,0.074,-1.625,0.501,false,False,False,False
1777712967.6279113,0.0,1.0,0.05509196221828461,-0.4943704307079315,0.05509196221828461,1.4943704307079315,True,plan_lookahead,0.074,-1.625,0.501,false,False,False,False
1777712967.7283754,0.0,1.0,0.05509196221828461,-0.4943704307079315,0.05509196221828461,1.4943704307079315,True,plan_lookahead,0.074,-1.625,0.499,false,False,False,False
1777712967.8289716,0.0,0.9306710880849473,0.05509196221828461,-0.4943704307079315,0.05509196221828461,1.4250415187928787,True,plan_lookahead,0.074,-1.625,0.499,false,False,False,False
1777712967.9296088,0.0,0.9306710880849473,0.05660416558384895,-0.5483906269073486,0.05660416558384895,1.4790617149922958,True,plan_lookahead,0.074,-1.625,0.499,false,False,False,False
1777712968.0299704,0.0,0.9306710880849473,0.05660416558384895,-0.5483906269073486,0.05660416558384895,1.4790617149922958,True,plan_lookahead,0.074,-1.625,0.504,false,False,False,False
1777712968.1304958,0.0,0.4963052648952977,0.05660416558384895,-0.5483906269073486,0.05660416558384895,1.0446958918026463,True,plan_lookahead,0.074,-1.625,0.504,false,False,False,False
1777712968.2309406,0.0,0.4963052648952977,0.05539091303944588,-0.5059270858764648,0.05539091303944588,1.0022323507717625,True,plan_lookahead,0.074,-1.625,0.504,false,False,False,False
1777712968.3317037,0.0,0.4963052648952977,0.05539091303944588,-0.5059270858764648,0.05539091303944588,1.0022323507717625,True,plan_lookahead,0.074,-1.625,0.495,false,False,False,False
1777712968.4330835,0.0,0.0,0.05539091303944588,-0.5059270858764648,0.05539091303944588,0.5059270858764648,False,plan_lookahead,0.074,-1.625,0.495,false,False,True,False
1777712968.5338047,0.0,0.0,0.0576324537396431,-0.5809643864631653,0.0576324537396431,0.5809643864631653,False,plan_lookahead,0.074,-1.625,0.495,false,False,True,False
1777712968.6347156,0.0,0.0,0.0576324537396431,-0.5809643864631653,0.0576324537396431,0.5809643864631653,False,plan_lookahead,0.074,-1.625,0.488,false,False,True,False
1777712968.7354047,0.0,0.0,0.05885300412774086,-0.6160253882408142,0.05885300412774086,0.6160253882408142,False,plan_lookahead,0.074,-1.625,0.488,false,False,True,False
1777712968.8358607,0.0,0.0,0.05885300412774086,-0.6160253882408142,0.05885300412774086,0.6160253882408142,False,plan_lookahead,0.074,-1.625,0.498,false,False,True,False
1777712968.9365437,0.0,0.0,0.056423086673021317,-0.5416026711463928,0.056423086673021317,0.5416026711463928,False,plan_lookahead,0.074,-1.625,0.498,false,False,True,False
1777712969.0369155,0.0,0.0,0.056423086673021317,-0.5416026711463928,0.056423086673021317,0.5416026711463928,False,plan_lookahead,0.074,-1.625,0.505,false,False,True,False
1777712969.1376088,0.0,0.0,0.05651804432272911,-0.5459923148155212,0.05651804432272911,0.5459923148155212,False,plan_lookahead,0.074,-1.625,0.505,false,False,True,False
1777712969.2380443,0.0,0.0,0.05651804432272911,-0.5459923148155212,0.05651804432272911,0.5459923148155212,False,plan_lookahead,0.074,-1.625,0.493,false,False,True,False
1777712969.3387172,0.0,0.0,0.05669960007071495,-0.5513321757316589,0.05669960007071495,0.5513321757316589,False,plan_lookahead,0.074,-1.625,0.493,false,False,True,False
1777712969.4391057,0.0,0.0,0.05669960007071495,-0.5513321757316589,0.05669960007071495,0.5513321757316589,False,plan_lookahead,0.074,-1.625,0.499,false,False,True,False
1777712969.539639,0.0,0.0,0.05578940361738205,-0.5206009745597839,0.05578940361738205,0.5206009745597839,False,plan_lookahead,0.074,-1.625,0.499,false,False,True,False
1777712969.6402328,0.0,0.0,0.05578940361738205,-0.5206009745597839,0.05578940361738205,0.5206009745597839,False,plan_lookahead,0.074,-1.625,0.499,false,False,True,False
1777712969.7407286,0.0,0.0,0.057252008467912674,-0.568504273891449,0.057252008467912674,0.568504273891449,False,plan_lookahead,0.074,-1.625,0.499,false,False,True,False
1777712969.8412635,0.0,0.0,0.057252008467912674,-0.568504273891449,0.057252008467912674,0.568504273891449,False,plan_lookahead,0.074,-1.625,0.496,false,False,True,False
1777712969.94177,0.0,0.0,0.05581521987915039,-0.5208166837692261,0.05581521987915039,0.5208166837692261,False,plan_lookahead,0.074,-1.625,0.496,false,False,True,False
1777712970.042229,0.0,0.0,0.05581521987915039,-0.5208166837692261,0.05581521987915039,0.5208166837692261,False,plan_lookahead,0.074,-1.625,0.484,false,False,True,False
1777712970.1426218,0.0,0.0,0.05711669474840164,-0.5650656223297119,0.05711669474840164,0.5650656223297119,False,plan_lookahead,0.074,-1.625,0.484,false,False,True,False
1777712970.2429588,0.0,0.0,0.05711669474840164,-0.5650656223297119,0.05711669474840164,0.5650656223297119,False,plan_lookahead,0.074,-1.625,0.489,false,False,True,False
1777712970.343608,0.0,0.0,0.05794438719749451,-0.5906437039375305,0.05794438719749451,0.5906437039375305,False,plan_lookahead,0.074,-1.625,0.489,false,False,True,False
1777712970.4440694,0.0,0.0,0.05794438719749451,-0.5906437039375305,0.05794438719749451,0.5906437039375305,False,plan_lookahead,0.074,-1.625,0.494,false,False,True,False
1777712970.5446546,0.0,0.0,0.056713394820690155,-0.5518271327018738,0.056713394820690155,0.5518271327018738,False,plan_lookahead,0.074,-1.625,0.494,false,False,True,False
1777712970.6450007,0.0,0.0,0.056713394820690155,-0.5518271327018738,0.056713394820690155,0.5518271327018738,False,plan_lookahead,0.074,-1.625,0.494,false,False,True,False
1777712970.74555,0.0,0.0,0.056535378098487854,-0.5473028421401978,0.056535378098487854,0.5473028421401978,False,plan_lookahead,0.074,-1.625,0.494,false,False,True,False
1777712970.845922,0.0,0.0,0.056535378098487854,-0.5473028421401978,0.056535378098487854,0.5473028421401978,False,plan_lookahead,0.074,-1.625,0.489,false,False,True,False
1777712970.9466498,0.0,0.0,0.05708561837673187,-0.5638629198074341,0.05708561837673187,0.5638629198074341,False,plan_lookahead,0.074,-1.625,0.489,false,False,True,False
1777712971.0470715,0.0,0.0,0.05708561837673187,-0.5638629198074341,0.05708561837673187,0.5638629198074341,False,plan_lookahead,0.074,-1.625,0.504,false,False,True,False
1777712971.1475918,0.0,0.0,0.05852597951889038,-0.6069852709770203,0.05852597951889038,0.6069852709770203,False,plan_lookahead,0.074,-1.625,0.504,false,False,True,False
1777712971.2479737,0.0,0.0,0.05852597951889038,-0.6069852709770203,0.05852597951889038,0.6069852709770203,False,plan_lookahead,0.074,-1.625,0.502,false,False,True,False
1777712971.3485072,0.0,0.0,0.0569276362657547,-0.5591297745704651,0.0569276362657547,0.5591297745704651,False,plan_lookahead,0.074,-1.625,0.502,false,False,True,False
1777712971.4488413,0.0,0.0,0.0569276362657547,-0.5591297745704651,0.0569276362657547,0.5591297745704651,False,plan_lookahead,0.074,-1.625,0.498,false,False,True,False
1777712971.5493786,0.0,0.0,0.05788293853402138,-0.5886504650115967,0.05788293853402138,0.5886504650115967,False,plan_lookahead,0.074,-1.625,0.498,false,False,True,False
1777712971.6497436,0.0,0.0,0.05788293853402138,-0.5886504650115967,0.05788293853402138,0.5886504650115967,False,plan_lookahead,0.074,-1.625,0.501,false,False,True,False
1777712971.7502449,0.0,0.0,0.05724365636706352,-0.5674108862876892,0.05724365636706352,0.5674108862876892,False,plan_lookahead,0.074,-1.625,0.501,false,False,True,False
1777712971.850792,0.0,0.0,0.05724365636706352,-0.5674108862876892,0.05724365636706352,0.5674108862876892,False,plan_lookahead,0.074,-1.625,0.496,false,False,True,False
1777712971.9512684,-0.05000000074505806,0.0,0.05724365636706352,-0.5674108862876892,0.10724365711212158,0.5674108862876892,False,plan_lookahead,0.074,-1.625,0.496,false,False,False,False
1777712972.0516267,-0.05000000074505806,0.0,0.05717587471008301,-0.566527247428894,0.10717587545514107,0.566527247428894,False,plan_lookahead,0.074,-1.625,0.496,false,False,False,False
1777712972.1520321,-0.05000000074505806,0.0,0.05717587471008301,-0.566527247428894,0.10717587545514107,0.566527247428894,False,plan_lookahead,0.074,-1.625,0.5,false,False,False,False
1777712972.2525532,-0.05000000074505806,0.0,0.05717587471008301,-0.566527247428894,0.10717587545514107,0.566527247428894,False,plan_lookahead,0.074,-1.625,0.5,false,False,False,False
1777712972.3529036,-0.05000000074505806,0.0,0.05970199033617973,-0.6379199028015137,0.10970199108123779,0.6379199028015137,False,plan_lookahead,0.074,-1.625,0.5,false,False,False,False
1777712972.45326,-0.05000000074505806,0.0,0.05970199033617973,-0.6379199028015137,0.10970199108123779,0.6379199028015137,False,plan_lookahead,0.074,-1.625,0.505,false,False,False,False
1777712972.5537398,-0.05000000074505806,0.0,0.05970199033617973,-0.6379199028015137,0.10970199108123779,0.6379199028015137,False,plan_lookahead,0.074,-1.625,0.505,false,False,False,False
1777712972.654132,-0.05000000074505806,0.0,0.05843336135149002,-0.603909432888031,0.10843336209654808,0.603909432888031,False,plan_lookahead,0.074,-1.625,0.505,false,False,False,False
1777712972.7544684,-0.05000000074505806,0.0,0.05843336135149002,-0.603909432888031,0.10843336209654808,0.603909432888031,False,plan_lookahead,0.074,-1.625,0.496,false,False,False,False
1777712972.8550005,-0.05000000074505806,0.0,0.05843336135149002,-0.603909432888031,0.10843336209654808,0.603909432888031,False,plan_lookahead,0.074,-1.625,0.496,false,False,False,False
1777712972.9553428,-0.05000000074505806,0.0,0.06002192944288254,-0.6497918367385864,0.1100219301879406,0.6497918367385864,False,plan_lookahead,0.074,-1.625,0.496,false,False,False,False
1777712973.0557442,-0.05000000074505806,0.0,0.06002192944288254,-0.6497918367385864,0.1100219301879406,0.6497918367385864,False,plan_lookahead,0.074,-1.472,0.498,false,False,False,False
1777712973.1563053,-0.05000000074505806,0.0,0.06002192944288254,-0.6497918367385864,0.1100219301879406,0.6497918367385864,False,plan_lookahead,0.074,-1.472,0.498,false,False,False,False
1777712973.2567544,-0.05000000074505806,0.0,0.06365524232387543,-0.7388357520103455,0.11365524306893349,0.7388357520103455,False,plan_lookahead,0.074,-1.472,0.498,false,False,False,False
1777712973.357104,-0.05000000074505806,0.0,0.06365524232387543,-0.7388357520103455,0.11365524306893349,0.7388357520103455,False,plan_lookahead,0.076,-1.294,0.48,false,False,False,False
1777712973.4574883,-0.05000000074505806,0.0,0.06365524232387543,-0.7388357520103455,0.11365524306893349,0.7388357520103455,False,plan_lookahead,0.076,-1.294,0.48,false,False,False,False
1777712973.558124,-0.05000000074505806,0.0,0.06597696244716644,-0.7638469338417053,0.1159769631922245,0.7638469338417053,False,plan_lookahead,0.076,-1.294,0.48,false,False,False,False
1777712973.658459,-0.05000000074505806,0.0,0.06597696244716644,-0.7638469338417053,0.1159769631922245,0.7638469338417053,False,plan_lookahead,0.082,-1.113,0.461,false,False,False,False
1777712973.7591953,-0.05000000074505806,0.0,0.06597696244716644,-0.7638469338417053,0.1159769631922245,0.7638469338417053,False,plan_lookahead,0.082,-1.113,0.461,false,False,False,False
1777712973.859884,-0.05000000074505806,0.0,0.0671583041548729,-0.7724102139472961,0.11715830489993095,0.7724102139472961,False,plan_lookahead,0.082,-1.113,0.461,false,False,False,False
1777712973.9605749,-0.05000000074505806,0.0,0.0671583041548729,-0.7724102139472961,0.11715830489993095,0.7724102139472961,False,plan_lookahead,0.089,-0.975,0.452,false,False,False,False
1777712974.0612693,-0.05000000074505806,0.0,0.0671583041548729,-0.7724102139472961,0.11715830489993095,0.7724102139472961,False,plan_lookahead,0.089,-0.975,0.452,false,False,False,False
1777712974.161589,-0.05000000074505806,0.0,0.06795096397399902,-0.7771720290184021,0.11795096471905708,0.7771720290184021,False,plan_lookahead,0.089,-0.975,0.452,false,False,False,False
1777712974.2619371,-0.05000000074505806,0.0,0.06795096397399902,-0.7771720290184021,0.11795096471905708,0.7771720290184021,False,plan_lookahead,0.098,-0.846,0.445,false,False,False,False
1777712974.3624778,-0.05000000074505806,0.0,0.06795096397399902,-0.7771720290184021,0.11795096471905708,0.7771720290184021,False,plan_lookahead,0.098,-0.846,0.445,false,False,False,False
1777712974.4627802,-0.05000000074505806,0.0,0.06708751618862152,-0.770341157913208,0.11708751693367958,0.770341157913208,False,plan_lookahead,0.098,-0.846,0.445,false,False,False,False
1777712974.5631232,-0.05000000074505806,0.0,0.06708751618862152,-0.770341157913208,0.11708751693367958,0.770341157913208,False,plan_lookahead,0.109,-0.741,0.428,false,False,False,False
1777712974.663939,-0.05000000074505806,0.0,0.06708751618862152,-0.770341157913208,0.11708751693367958,0.770341157913208,False,plan_lookahead,0.109,-0.741,0.428,false,False,False,False
1777712974.7643669,-0.05000000074505806,0.0,0.0670228973031044,-0.7680126428604126,0.11702289804816246,0.7680126428604126,False,plan_lookahead,0.109,-0.741,0.428,false,False,False,False
1777712974.8648,-0.05000000074505806,0.0,0.0670228973031044,-0.7680126428604126,0.11702289804816246,0.7680126428604126,False,plan_lookahead,0.121,-0.655,0.413,false,False,False,False
1777712974.9656527,-0.05000000074505806,0.0,0.0670228973031044,-0.7680126428604126,0.11702289804816246,0.7680126428604126,False,plan_lookahead,0.121,-0.655,0.413,false,False,False,False
1777712975.0660424,-0.05000000074505806,0.0,0.06790894269943237,-0.7735646963119507,0.11790894344449043,0.7735646963119507,False,plan_lookahead,0.121,-0.655,0.413,false,False,False,False
1777712975.166424,-0.05000000074505806,0.0,0.06790894269943237,-0.7735646963119507,0.11790894344449043,0.7735646963119507,False,plan_lookahead,0.132,-0.592,0.424,false,False,False,False
1777712975.2671921,-0.05000000074505806,0.0,0.06790894269943237,-0.7735646963119507,0.11790894344449043,0.7735646963119507,False,plan_lookahead,0.132,-0.592,0.424,false,False,False,False
1777712975.3675873,-0.05000000074505806,0.0,0.06862311065196991,-0.7768800258636475,0.11862311139702797,0.7768800258636475,False,plan_lookahead,0.132,-0.592,0.424,false,False,False,False
1777712975.4680543,-0.05000000074505806,0.0,0.06862311065196991,-0.7768800258636475,0.11862311139702797,0.7768800258636475,False,plan_lookahead,0.145,-0.533,0.394,false,False,False,False
1777712975.5687208,-0.05000000074505806,0.0,0.06862311065196991,-0.7768800258636475,0.11862311139702797,0.7768800258636475,False,plan_lookahead,0.145,-0.533,0.394,false,False,False,False
1777712975.6694162,-0.05000000074505806,0.0,0.0684121772646904,-0.7749898433685303,0.11841217800974846,0.7749898433685303,False,plan_lookahead,0.145,-0.533,0.394,false,False,False,False
1777712975.7698572,-0.05000000074505806,0.0,0.0684121772646904,-0.7749898433685303,0.11841217800974846,0.7749898433685303,False,plan_lookahead,0.157,-0.489,0.399,false,False,False,False
1777712975.8707845,-0.05000000074505806,0.0,0.0684121772646904,-0.7749898433685303,0.11841217800974846,0.7749898433685303,False,plan_lookahead,0.157,-0.489,0.399,false,False,False,False
1777712975.9713402,-0.05000000074505806,0.0,0.06901843845844269,-0.7774183750152588,0.11901843920350075,0.7774183750152588,False,plan_lookahead,0.157,-0.489,0.399,false,False,False,False
1777712976.0717657,-0.05000000074505806,0.0,0.06901843845844269,-0.7774183750152588,0.11901843920350075,0.7774183750152588,False,plan_lookahead,0.17,-0.447,0.396,false,False,False,False
1777712976.172475,-0.05000000074505806,0.0,0.06901843845844269,-0.7774183750152588,0.11901843920350075,0.7774183750152588,False,plan_lookahead,0.17,-0.447,0.396,false,False,False,False
1777712976.2730434,-0.05000000074505806,0.0,0.06959564983844757,-0.7795931696891785,0.11959565058350563,0.7795931696891785,False,plan_lookahead,0.17,-0.447,0.396,false,False,False,False
1777712976.3734243,-0.05000000074505806,0.0,0.06959564983844757,-0.7795931696891785,0.11959565058350563,0.7795931696891785,False,plan_lookahead,0.183,-0.414,0.367,false,False,False,False
1777712976.4739518,-0.05000000074505806,0.0,0.06959564983844757,-0.7795931696891785,0.11959565058350563,0.7795931696891785,False,plan_lookahead,0.183,-0.414,0.367,false,False,False,False
1777712976.5742803,-0.05000000074505806,0.0,0.06953808665275574,-0.7785696387290955,0.1195380873978138,0.7785696387290955,False,plan_lookahead,0.183,-0.414,0.367,false,False,False,False
1777712976.6746597,-0.05000000074505806,0.0,0.06953808665275574,-0.7785696387290955,0.1195380873978138,0.7785696387290955,False,plan_lookahead,0.195,-0.386,0.372,false,False,False,False
1777712976.775244,-0.05000000074505806,0.0,0.06953808665275574,-0.7785696387290955,0.1195380873978138,0.7785696387290955,False,plan_lookahead,0.195,-0.386,0.372,false,False,False,False
1777712976.8755503,-0.05000000074505806,0.0,0.07152476161718369,-0.7814826369285583,0.12152476236224174,0.7814826369285583,False,plan_lookahead,0.195,-0.386,0.372,false,False,False,False
1777712976.9758964,-0.05000000074505806,0.0,0.07152476161718369,-0.7814826369285583,0.12152476236224174,0.7814826369285583,False,plan_lookahead,0.209,-0.359,0.359,false,False,False,False
1777712977.0765188,-0.05000000074505806,0.0,0.07152476161718369,-0.7814826369285583,0.12152476236224174,0.7814826369285583,False,plan_lookahead,0.209,-0.359,0.359,false,False,False,False
1777712977.1768775,-0.05000000074505806,0.0,0.07182653248310089,-0.781278133392334,0.12182653322815895,0.781278133392334,False,plan_lookahead,0.209,-0.359,0.359,false,False,False,False
1777712977.2772334,-0.05000000074505806,0.0,0.07182653248310089,-0.781278133392334,0.12182653322815895,0.781278133392334,False,plan_lookahead,0.224,-0.335,0.361,false,False,False,False
1777712977.377983,-0.05000000074505806,0.0,0.07182653248310089,-0.781278133392334,0.12182653322815895,0.781278133392334,False,plan_lookahead,0.224,-0.335,0.361,false,False,False,False
1777712977.4785159,-0.05000000074505806,0.0,0.07152418047189713,-0.7812552452087402,0.12152418121695518,0.7812552452087402,False,plan_lookahead,0.224,-0.335,0.361,false,False,False,False
1777712977.578793,-0.05000000074505806,0.0,0.07152418047189713,-0.7812552452087402,0.12152418121695518,0.7812552452087402,False,plan_lookahead,0.237,-0.316,0.344,false,False,False,False
1777712977.6794345,-0.05000000074505806,0.0,0.07152418047189713,-0.7812552452087402,0.12152418121695518,0.7812552452087402,False,plan_lookahead,0.237,-0.316,0.344,false,False,False,False
1777712977.7798057,-0.05000000074505806,0.0,0.0717126652598381,-0.7811206579208374,0.12171266600489616,0.7811206579208374,False,plan_lookahead,0.237,-0.316,0.344,false,False,False,False
1777712977.88022,-0.05000000074505806,0.0,0.0717126652598381,-0.7811206579208374,0.12171266600489616,0.7811206579208374,False,plan_lookahead,0.251,-0.297,0.338,false,False,False,False
1777712977.980659,-0.05000000074505806,0.0,0.0717126652598381,-0.7811206579208374,0.12171266600489616,0.7811206579208374,False,plan_lookahead,0.251,-0.297,0.338,false,False,False,False
1777712978.0810244,-0.05000000074505806,0.0,0.0719589814543724,-0.782088577747345,0.12195898219943047,0.782088577747345,False,plan_lookahead,0.251,-0.297,0.338,false,False,False,False
1777712978.1814241,-0.05000000074505806,0.0,0.0719589814543724,-0.782088577747345,0.12195898219943047,0.782088577747345,False,plan_lookahead,0.264,-0.282,0.343,false,False,False,False
1777712978.2819817,-0.05000000074505806,0.0,0.0719589814543724,-0.782088577747345,0.12195898219943047,0.782088577747345,False,plan_lookahead,0.264,-0.282,0.343,false,False,False,False
1777712978.3823395,-0.05000000074505806,0.0,0.07252290844917297,-0.7812020182609558,0.12252290919423103,0.7812020182609558,False,plan_lookahead,0.264,-0.282,0.343,false,False,False,False
1777712978.4826553,-0.05000000074505806,0.0,0.07252290844917297,-0.7812020182609558,0.12252290919423103,0.7812020182609558,False,plan_lookahead,0.279,-0.267,0.323,false,False,False,False
1777712978.5832875,-0.05000000074505806,0.0,0.07252290844917297,-0.7812020182609558,0.12252290919423103,0.7812020182609558,False,plan_lookahead,0.279,-0.267,0.323,false,False,False,False
1777712978.6836507,-0.05000000074505806,0.0,0.07202791422605515,-0.7777503728866577,0.1220279149711132,0.7777503728866577,False,plan_lookahead,0.279,-0.267,0.323,false,False,False,False
1777712978.7839844,-0.05000000074505806,0.0,0.07202791422605515,-0.7777503728866577,0.1220279149711132,0.7777503728866577,False,plan_lookahead,0.292,-0.254,0.318,false,False,False,False
1777712978.8845417,0.21894736842105267,0.8,0.07202791422605515,-0.7777503728866577,0.14691945419499752,1.5777503728866578,True,plan_lookahead,0.292,-0.254,0.318,false,False,False,False
1777712978.9848561,0.21894736842105267,0.8,0.0716935396194458,-0.7760599255561829,0.14725382880160687,1.576059925556183,True,plan_lookahead,0.292,-0.254,0.318,false,False,False,False
1777712979.0852234,0.21894736842105267,0.8,0.0716935396194458,-0.7760599255561829,0.14725382880160687,1.576059925556183,True,plan_lookahead,0.301,-0.238,0.306,false,False,False,False
1777712979.1857784,0.24631578947368427,0.9999999999999999,0.0716935396194458,-0.7760599255561829,0.17462224985423846,1.7760599255561829,True,plan_lookahead,0.301,-0.238,0.306,false,False,False,False
1777712979.2861156,0.24631578947368427,0.9999999999999999,0.07554685324430466,0.7853809595108032,0.1707689362293796,0.21461904048919667,False,plan_lookahead,0.301,-0.238,0.306,false,True,False,False
1777712979.3863828,0.24631578947368427,0.9999999999999999,0.07554685324430466,0.7853809595108032,0.1707689362293796,0.21461904048919667,False,plan_lookahead,0.62,1.196,0.318,false,False,False,False
1777712979.4870367,0.24631578947368427,0.7894736842105262,0.07554685324430466,0.7853809595108032,0.1707689362293796,0.004092724699722994,False,plan_lookahead,0.62,1.196,0.318,false,False,False,False
1777712979.587351,0.24631578947368427,0.7894736842105262,0.07553311437368393,0.7852917313575745,0.17078267510000034,0.0041819528529517536,False,plan_lookahead,0.62,1.196,0.318,false,False,False,False
1777712979.6877656,0.24631578947368427,0.7894736842105262,0.07553311437368393,0.7852917313575745,0.17078267510000034,0.0041819528529517536,False,plan_lookahead,0.624,1.114,0.32,false,False,False,False
1777712979.7884014,0.26,0.7894736842105262,0.07553311437368393,0.7852917313575745,0.18446688562631608,0.0041819528529517536,False,plan_lookahead,0.624,1.114,0.32,false,False,False,False
1777712979.8887696,0.26,0.7894736842105262,0.07578705251216888,0.7860369682312012,0.18421294748783112,0.0034367159793250446,False,plan_lookahead,0.624,1.114,0.32,false,False,False,False
1777712979.989111,0.26,0.7894736842105262,0.07578705251216888,0.7860369682312012,0.18421294748783112,0.0034367159793250446,False,plan_lookahead,0.609,0.925,0.356,false,False,False,False
1777712980.0895216,0.26,0.6842105263157894,0.07578705251216888,0.7860369682312012,0.18421294748783112,0.10182644191541179,False,plan_lookahead,0.609,0.925,0.356,false,False,False,False
1777712980.1898637,0.26,0.6842105263157894,0.07556380331516266,0.7829073667526245,0.18443619668483735,0.09869684043683513,False,plan_lookahead,0.609,0.925,0.356,false,False,False,False
1777712980.2902176,0.26,0.6842105263157894,0.07556380331516266,0.7829073667526245,0.18443619668483735,0.09869684043683513,False,plan_lookahead,0.607,0.805,0.426,false,False,False,False
1777712980.3908849,0.26,0.5789473684210525,0.07556380331516266,0.7829073667526245,0.18443619668483735,0.20395999833157197,False,plan_lookahead,0.607,0.805,0.426,false,False,False,False
1777712980.4912403,0.26,0.5789473684210525,0.07491616159677505,0.7779471278190613,0.18508383840322495,0.19899975939800874,False,plan_lookahead,0.607,0.805,0.426,false,False,False,False
1777712980.591657,0.26,0.5789473684210525,0.07491616159677505,0.7779471278190613,0.18508383840322495,0.19899975939800874,False,plan_lookahead,0.6,0.678,0.495,false,False,False,False
1777712980.6923952,0.26,0.36842105263157887,0.07491616159677505,0.7779471278190613,0.18508383840322495,0.4095260751874824,False,plan_lookahead,0.6,0.678,0.495,false,False,False,False
1777712980.7928326,0.26,0.36842105263157887,0.07460411638021469,0.7735928893089294,0.18539588361978532,0.40517183667735057,False,plan_lookahead,0.6,0.678,0.495,false,False,False,False
1777712980.8932831,0.26,0.36842105263157887,0.07460411638021469,0.7735928893089294,0.18539588361978532,0.40517183667735057,False,plan_lookahead,0.619,0.51,0.595,false,False,False,False
1777712980.9941597,0.24631578947368427,0.26315789473684204,0.07460411638021469,0.7735928893089294,0.17171167309346957,0.5104349945720874,False,plan_lookahead,0.619,0.51,0.595,false,False,False,False
1777712981.0945375,0.24631578947368427,0.26315789473684204,0.0751701146364212,0.7765777111053467,0.17114567483726306,0.5134198163685046,False,plan_lookahead,0.619,0.51,0.595,false,False,False,False
1777712981.1948285,0.24631578947368427,0.26315789473684204,0.0751701146364212,0.7765777111053467,0.17114567483726306,0.5134198163685046,False,plan_lookahead,0.618,0.392,0.64,false,False,False,False
1777712981.295355,0.26,0.21263157894736837,0.0751701146364212,0.7765777111053467,0.1848298853635788,0.5639461321579783,False,plan_lookahead,0.618,0.392,0.64,false,False,False,False
1777712981.3957036,0.26,0.21263157894736837,0.0758151188492775,0.7487133145332336,0.1841848811507225,0.5360817355858652,False,plan_lookahead,0.618,0.392,0.64,false,False,False,False
1777712981.4961119,0.26,0.21263157894736837,0.0758151188492775,0.7487133145332336,0.1841848811507225,0.5360817355858652,False,plan_lookahead,0.637,0.274,0.697,false,False,False,False
1777712981.5966508,0.26,0.0,0.0758151188492775,0.7487133145332336,0.1841848811507225,0.7487133145332336,False,plan_lookahead,0.637,0.274,0.697,false,False,False,False
1777712981.6970277,0.26,0.0,0.07520999014377594,0.6918371319770813,0.18479000985622407,0.6918371319770813,False,plan_lookahead,0.637,0.274,0.697,false,False,False,False
1777712981.7974498,0.26,0.0,0.07520999014377594,0.6918371319770813,0.18479000985622407,0.6918371319770813,False,plan_lookahead,0.579,0.125,0.684,false,False,False,False
1777712981.8980098,0.23263157894736847,0.05263157894736836,0.07520999014377594,0.6918371319770813,0.15742158880359253,0.6392055530297129,False,plan_lookahead,0.579,0.125,0.684,false,False,False,False
1777712981.998348,0.23263157894736847,0.05263157894736836,0.07530155032873154,-0.15949468314647675,0.15733002861863693,0.2121262620938451,True,plan_lookahead,0.579,0.125,0.684,false,True,False,False
1777712982.0987258,0.23263157894736847,0.05263157894736836,0.07530155032873154,-0.15949468314647675,0.15733002861863693,0.2121262620938451,True,plan_lookahead,0.498,0.08,0.652,false,True,False,False
1777712982.1992152,0.20526315789473687,0.0,0.07530155032873154,-0.15949468314647675,0.12996160756600533,0.15949468314647675,False,plan_lookahead,0.498,0.08,0.652,false,True,False,False
1777712982.2995744,0.20526315789473687,0.0,0.07441643625497818,-0.6004921197891235,0.1308467216397587,0.6004921197891235,False,plan_lookahead,0.498,0.08,0.652,false,True,False,False
1777712982.3999715,0.20526315789473687,0.0,0.07441643625497818,-0.6004921197891235,0.1308467216397587,0.6004921197891235,False,plan_lookahead,0.42,0.082,0.646,false,True,False,False
1777712982.5005567,0.16421052631578947,-0.052631578947368474,0.07441643625497818,-0.6004921197891235,0.0897940900608113,0.5478605408417551,False,plan_lookahead,0.42,0.082,0.646,false,True,False,False
1777712982.6010752,0.16421052631578947,-0.052631578947368474,0.07516815513372421,-0.6899539828300476,0.08904237118206526,0.6373224038826791,False,plan_lookahead,0.42,0.082,0.646,false,True,False,False
1777712982.7015557,0.16421052631578947,-0.052631578947368474,0.07516815513372421,-0.6899539828300476,0.08904237118206526,0.6373224038826791,False,plan_lookahead,0.328,0.022,0.645,false,True,False,False
1777712982.8027685,0.13684210526315788,0.0,0.07516815513372421,-0.6899539828300476,0.06167395012943366,0.6899539828300476,False,plan_lookahead,0.328,0.022,0.645,false,True,False,False
1777712982.903398,0.13684210526315788,0.0,0.07645533233880997,-0.7320865392684937,0.06038677292434791,0.7320865392684937,False,plan_lookahead,0.328,0.022,0.645,false,True,False,False
1777712983.0039737,0.13684210526315788,0.0,0.07645533233880997,-0.7320865392684937,0.06038677292434791,0.7320865392684937,False,plan_lookahead,0.273,0.029,0.644,false,True,False,False
1777712983.105196,0.0,0.26315789473684204,0.07645533233880997,-0.7320865392684937,0.07645533233880997,0.9952444340053357,True,plan_lookahead,0.273,0.029,0.644,false,True,False,False
1777712983.2055514,0.0,0.26315789473684204,0.07530185580253601,-0.72320955991745,0.07530185580253601,0.986367454654292,True,plan_lookahead,0.273,0.029,0.644,false,True,False,False
1777712983.3059998,0.0,0.26315789473684204,0.07530185580253601,-0.72320955991745,0.07530185580253601,0.986367454654292,True,plan_lookahead,0.228,0.037,0.651,false,True,False,False
1777712983.4074056,0.0,0.26315789473684204,0.07530185580253601,-0.72320955991745,0.07530185580253601,0.986367454654292,True,plan_lookahead,0.228,0.037,0.651,false,True,False,False
1777712983.50802,0.0,0.26315789473684204,0.0752490982413292,-0.7361871600151062,0.0752490982413292,0.9993450547519482,True,plan_lookahead,0.228,0.037,0.651,false,True,False,False
1777712983.6083624,0.0,0.26315789473684204,0.0752490982413292,-0.7361871600151062,0.0752490982413292,0.9993450547519482,True,plan_lookahead,0.22,-0.007,0.659,false,False,False,False
1777712983.7090745,0.0,0.1578947368421052,0.0752490982413292,-0.7361871600151062,0.0752490982413292,0.8940818968572114,True,plan_lookahead,0.22,-0.007,0.659,false,False,False,False
1777712983.8096943,0.0,0.1578947368421052,0.0753440335392952,-0.7643329501152039,0.0753440335392952,0.9222276869573091,True,plan_lookahead,0.22,-0.007,0.659,false,False,False,False
1777712983.9100773,0.0,0.1578947368421052,0.0753440335392952,-0.7643329501152039,0.0753440335392952,0.9222276869573091,True,plan_lookahead,0.232,-0.18,0.657,false,False,False,False
1777712984.0106227,0.0,0.1578947368421052,0.0753440335392952,-0.7643329501152039,0.0753440335392952,0.9222276869573091,True,plan_lookahead,0.232,-0.18,0.657,false,False,False,False
1777712984.1120613,0.0,0.1578947368421052,0.0752517506480217,-0.7652285695075989,0.0752517506480217,0.9231233063497041,True,plan_lookahead,0.232,-0.18,0.657,false,False,False,False
1777712984.2124617,0.0,0.1578947368421052,0.0752517506480217,-0.7652285695075989,0.0752517506480217,0.9231233063497041,True,plan_lookahead,0.232,-0.236,0.662,false,False,False,False
1777712984.3150184,0.0,0.0,0.0752517506480217,-0.7652285695075989,0.0752517506480217,0.7652285695075989,False,plan_lookahead,0.232,-0.236,0.662,false,False,True,False
1777712984.4158,0.0,0.0,0.07570160925388336,-0.7830891609191895,0.07570160925388336,0.7830891609191895,False,plan_lookahead,0.232,-0.236,0.662,false,False,True,False
1777712984.5173755,0.0,0.0,0.07570160925388336,-0.7830891609191895,0.07570160925388336,0.7830891609191895,False,plan_lookahead,0.232,-0.262,0.672,false,False,True,False
1777712984.6199455,0.0,0.0,0.07570160925388336,-0.7830891609191895,0.07570160925388336,0.7830891609191895,False,plan_lookahead,0.232,-0.262,0.672,false,False,True,False
1777712984.7205417,0.0,0.0,0.0744701474905014,-0.7844209671020508,0.0744701474905014,0.7844209671020508,False,plan_lookahead,0.232,-0.262,0.672,false,False,True,False
1777712984.821194,0.0,0.0,0.0744701474905014,-0.7844209671020508,0.0744701474905014,0.7844209671020508,False,plan_lookahead,0.232,-0.31,0.661,false,False,True,False
1777712984.9218595,0.0,0.0,0.0744701474905014,-0.7844209671020508,0.0744701474905014,0.7844209671020508,False,plan_lookahead,0.232,-0.31,0.661,false,False,True,False
1777712985.0222328,0.0,0.0,0.07515919953584671,-0.7865104675292969,0.07515919953584671,0.7865104675292969,False,plan_lookahead,0.232,-0.31,0.661,false,False,True,False
1777712985.1226087,0.0,0.0,0.07515919953584671,-0.7865104675292969,0.07515919953584671,0.7865104675292969,False,plan_lookahead,0.232,-0.31,0.672,false,False,True,False
1777712985.2260091,0.0,0.0,0.07515919953584671,-0.7865104675292969,0.07515919953584671,0.7865104675292969,False,plan_lookahead,0.232,-0.31,0.672,false,False,True,False
1777712985.3267362,0.0,0.0,0.07505424320697784,-0.7868390083312988,0.07505424320697784,0.7868390083312988,False,plan_lookahead,0.232,-0.31,0.672,false,False,True,False
1777712985.4271355,0.0,0.0,0.07505424320697784,-0.7868390083312988,0.07505424320697784,0.7868390083312988,False,plan_lookahead,0.221,-0.353,0.668,false,False,True,False
1777712985.5284383,0.0,0.0,0.07505424320697784,-0.7868390083312988,0.07505424320697784,0.7868390083312988,False,plan_lookahead,0.221,-0.353,0.668,false,False,True,False
1777712985.6288123,0.0,0.0,0.07469253242015839,-0.7877956628799438,0.07469253242015839,0.7877956628799438,False,plan_lookahead,0.221,-0.353,0.668,false,False,True,False
1777712985.7293465,0.0,0.0,0.07469253242015839,-0.7877956628799438,0.07469253242015839,0.7877956628799438,False,plan_lookahead,0.217,-0.369,0.667,false,False,True,False
1777712985.8304832,0.0,0.0,0.07469253242015839,-0.7877956628799438,0.07469253242015839,0.7877956628799438,False,plan_lookahead,0.217,-0.369,0.667,false,False,True,False
1777712985.9308422,0.0,0.0,0.07467059046030045,-0.7878729701042175,0.07467059046030045,0.7878729701042175,False,plan_lookahead,0.217,-0.369,0.667,false,False,True,False
1777712986.0314355,0.0,0.0,0.07467059046030045,-0.7878729701042175,0.07467059046030045,0.7878729701042175,False,plan_lookahead,0.217,-0.369,0.666,false,False,True,False
1777712986.132367,0.0,0.0,0.07467059046030045,-0.7878729701042175,0.07467059046030045,0.7878729701042175,False,plan_lookahead,0.217,-0.369,0.666,false,False,True,False
1777712986.2330604,0.0,0.0,0.07465171068906784,-0.7877528071403503,0.07465171068906784,0.7877528071403503,False,plan_lookahead,0.217,-0.369,0.666,false,False,True,False
1777712986.3335881,0.0,0.0,0.07465171068906784,-0.7877528071403503,0.07465171068906784,0.7877528071403503,False,plan_lookahead,0.217,-0.369,0.668,false,False,True,False
1777712986.4350038,0.0,0.0,0.07465171068906784,-0.7877528071403503,0.07465171068906784,0.7877528071403503,False,plan_lookahead,0.217,-0.369,0.668,false,False,True,False
1777712986.53551,0.0,0.0,0.0746578797698021,-0.7878089547157288,0.0746578797698021,0.7878089547157288,False,plan_lookahead,0.217,-0.369,0.668,false,False,True,False
1777712986.635887,0.0,0.0,0.0746578797698021,-0.7878089547157288,0.0746578797698021,0.7878089547157288,False,plan_lookahead,0.217,-0.369,0.655,false,False,True,False
1777712986.7366278,0.0,0.0,0.0746578797698021,-0.7878089547157288,0.0746578797698021,0.7878089547157288,False,plan_lookahead,0.217,-0.369,0.655,false,False,True,False
1777712986.8371034,0.0,0.0,0.07466020435094833,-0.7878179550170898,0.07466020435094833,0.7878179550170898,False,plan_lookahead,0.217,-0.369,0.655,false,False,True,False
1777712986.9373863,0.0,0.0,0.07466020435094833,-0.7878179550170898,0.07466020435094833,0.7878179550170898,False,plan_lookahead,0.217,-0.369,0.661,false,False,True,False
1777712987.0379236,0.0,0.0,0.07466020435094833,-0.7878179550170898,0.07466020435094833,0.7878179550170898,False,plan_lookahead,0.217,-0.369,0.661,false,False,True,False
1777712987.1383395,0.0,0.0,0.07467930763959885,-0.7879998087882996,0.07467930763959885,0.7879998087882996,False,plan_lookahead,0.217,-0.369,0.661,false,False,True,False
1777712987.2388446,0.0,0.0,0.07467930763959885,-0.7879998087882996,0.07467930763959885,0.7879998087882996,False,plan_lookahead,0.217,-0.369,0.665,false,False,True,False
1777712987.339396,0.0,0.0,0.07467930763959885,-0.7879998087882996,0.07467930763959885,0.7879998087882996,False,plan_lookahead,0.217,-0.369,0.665,false,False,True,False
1777712987.4397557,0.0,0.0,0.07468119263648987,-0.7878746390342712,0.07468119263648987,0.7878746390342712,False,plan_lookahead,0.217,-0.369,0.665,false,False,True,False
1777712987.540093,0.0,0.0,0.07468119263648987,-0.7878746390342712,0.07468119263648987,0.7878746390342712,False,plan_lookahead,0.217,-0.369,0.669,false,False,True,False
1777712987.6404843,0.0,0.0,0.07468119263648987,-0.7878746390342712,0.07468119263648987,0.7878746390342712,False,plan_lookahead,0.217,-0.369,0.669,false,False,True,False
1777712987.7408636,0.0,0.0,0.07464248687028885,-0.787856936454773,0.07464248687028885,0.787856936454773,False,plan_lookahead,0.217,-0.369,0.669,false,False,True,False
1777712987.8414626,0.0,0.0,0.07464248687028885,-0.787856936454773,0.07464248687028885,0.787856936454773,False,plan_lookahead,0.217,-0.369,0.658,false,False,True,False
1777712987.9420865,0.0,0.0,0.07470689713954926,-0.7878157496452332,0.07470689713954926,0.7878157496452332,False,plan_lookahead,0.217,-0.369,0.658,false,False,True,False
1777712988.0424669,0.0,0.0,0.07470689713954926,-0.7878157496452332,0.07470689713954926,0.7878157496452332,False,plan_lookahead,0.217,-0.369,0.661,false,False,True,False
1777712988.1430378,0.0,0.0,0.07466676086187363,-0.7879015803337097,0.07466676086187363,0.7879015803337097,False,plan_lookahead,0.217,-0.369,0.661,false,False,True,False
1777712988.2433681,0.0,0.0,0.07466676086187363,-0.7879015803337097,0.07466676086187363,0.7879015803337097,False,plan_lookahead,0.217,-0.369,0.67,false,False,True,False
1777712988.3440807,0.0,-0.16,0.07466676086187363,-0.7879015803337097,0.07466676086187363,0.6279015803337097,False,plan_lookahead,0.217,-0.369,0.67,false,False,False,False
1777712988.4444082,0.0,-0.16,0.0746791884303093,-0.7879919409751892,0.0746791884303093,0.6279919409751892,False,plan_lookahead,0.217,-0.369,0.67,false,False,False,False
1777712988.544771,0.0,-0.16,0.0746791884303093,-0.7879919409751892,0.0746791884303093,0.6279919409751892,False,plan_lookahead,0.217,-0.369,0.656,false,False,False,False
1777712988.6454992,0.0,-0.32,0.0746791884303093,-0.7879919409751892,0.0746791884303093,0.4679919409751892,False,plan_lookahead,0.217,-0.369,0.656,false,False,False,False
1777712988.7459419,0.0,-0.32,0.07468794286251068,-0.7878047823905945,0.07468794286251068,0.4678047823905945,False,plan_lookahead,0.217,-0.369,0.656,false,False,False,False
1777712988.8464181,0.0,-0.32,0.07468794286251068,-0.7878047823905945,0.07468794286251068,0.4678047823905945,False,plan_lookahead,0.217,-0.369,0.667,false,False,False,False
1777712988.9471378,0.0,-0.64,0.07468794286251068,-0.7878047823905945,0.07468794286251068,0.14780478239059447,False,plan_lookahead,0.217,-0.369,0.667,false,False,False,False
1777712989.0474522,0.0,-0.64,0.07469484955072403,-0.7878597378730774,0.07469484955072403,0.14785973787307738,False,plan_lookahead,0.217,-0.369,0.667,false,False,False,False
1777712989.1479876,0.0,-0.64,0.07469484955072403,-0.7878597378730774,0.07469484955072403,0.14785973787307738,False,plan_lookahead,0.217,-0.369,0.671,false,False,False,False
1777712989.2487378,0.0,-1.0,0.07469484955072403,-0.7878597378730774,0.07469484955072403,0.2121402621269226,False,plan_lookahead,0.217,-0.369,0.671,false,False,False,False
1777712989.3491464,0.0,-1.0,0.0747903510928154,0.791419506072998,0.0747903510928154,1.791419506072998,True,plan_lookahead,0.217,-0.369,0.671,false,True,False,False
1777712989.449456,0.0,-1.0,0.0747903510928154,0.791419506072998,0.0747903510928154,1.791419506072998,True,plan_lookahead,0.623,2.767,0.659,false,False,False,False
1777712989.5500069,0.0,-1.0,0.0747903510928154,0.791419506072998,0.0747903510928154,1.791419506072998,True,plan_lookahead,0.623,2.767,0.659,false,False,False,False
1777712989.650409,0.0,-1.0,0.07363820821046829,0.790012776851654,0.07363820821046829,1.790012776851654,True,plan_lookahead,0.623,2.767,0.659,false,False,False,False
1777712989.7507114,0.0,-1.0,0.07363820821046829,0.790012776851654,0.07363820821046829,1.790012776851654,True,plan_lookahead,0.623,3.045,0.656,false,False,False,False
1777712989.8512979,0.0,-1.0,0.07363820821046829,0.790012776851654,0.07363820821046829,1.790012776851654,True,plan_lookahead,0.623,3.045,0.656,false,False,False,False
1777712989.9515932,0.0,-1.0,0.05234082415699959,0.5904130339622498,0.05234082415699959,1.5904130339622498,True,plan_lookahead,0.623,3.045,0.656,false,False,False,False
1777712990.0519276,0.0,-1.0,0.05234082415699959,0.5904130339622498,0.05234082415699959,1.5904130339622498,True,plan_lookahead,0.624,-2.967,0.616,false,True,False,False
1777712990.1526124,0.01368421052631579,-1.0,0.05234082415699959,0.5904130339622498,0.038656613630683796,1.5904130339622498,True,plan_lookahead,0.624,-2.967,0.616,false,True,False,False
1777712990.2529333,0.01368421052631579,-1.0,0.05602404102683067,0.6558191180229187,0.04233983050051488,1.6558191180229187,True,plan_lookahead,0.624,-2.967,0.616,false,True,False,False
1777712990.3533845,0.01368421052631579,-1.0,0.05602404102683067,0.6558191180229187,0.04233983050051488,1.6558191180229187,True,plan_lookahead,0.624,-2.662,0.621,false,True,False,False
1777712990.4538562,0.01368421052631579,-1.0,0.05602404102683067,0.6558191180229187,0.04233983050051488,1.6558191180229187,True,plan_lookahead,0.624,-2.662,0.621,false,True,False,False
1777712990.5542953,0.01368421052631579,-1.0,0.05618850514292717,0.676379919052124,0.04250429461661138,1.676379919052124,True,plan_lookahead,0.624,-2.662,0.621,false,True,False,False
1777712990.6546404,0.01368421052631579,-1.0,0.05618850514292717,0.676379919052124,0.04250429461661138,1.676379919052124,True,plan_lookahead,0.602,-2.357,0.595,false,True,False,False
1777712990.7553787,0.01368421052631579,-1.0,0.05618850514292717,0.676379919052124,0.04250429461661138,1.676379919052124,True,plan_lookahead,0.602,-2.357,0.595,false,True,False,False
1777712990.8559506,0.01368421052631579,-1.0,0.054765887558460236,0.6784568428993225,0.041081677032144444,1.6784568428993225,True,plan_lookahead,0.602,-2.357,0.595,false,True,False,False
1777712990.956255,0.01368421052631579,-1.0,0.054765887558460236,0.6784568428993225,0.041081677032144444,1.6784568428993225,True,plan_lookahead,0.61,-2.075,0.598,false,True,False,False
1777712991.05679,0.15052631578947367,-1.0,0.054765887558460236,0.6784568428993225,0.09576042823101344,1.6784568428993225,True,plan_lookahead,0.61,-2.075,0.598,false,True,False,False
1777712991.1570961,0.15052631578947367,-1.0,0.05432150140404701,0.5686473250389099,0.09620481438542666,1.56864732503891,True,plan_lookahead,0.61,-2.075,0.598,false,True,False,False
1777712991.2573853,0.15052631578947367,-1.0,0.05432150140404701,0.5686473250389099,0.09620481438542666,1.56864732503891,True,plan_lookahead,0.62,-1.772,0.612,false,True,False,False
1777712991.357903,0.24631578947368427,-1.0,0.05432150140404701,0.5686473250389099,0.19199428806963725,1.56864732503891,True,plan_lookahead,0.62,-1.772,0.612,false,True,False,False
1777712991.4584732,0.24631578947368427,-1.0,0.06257032603025436,-0.6849178671836853,0.1837454634434299,0.3150821328163147,False,plan_lookahead,0.62,-1.772,0.612,false,False,False,False
1777712991.5589929,0.24631578947368427,-1.0,0.06257032603025436,-0.6849178671836853,0.1837454634434299,0.3150821328163147,False,plan_lookahead,0.619,-1.494,0.615,false,False,False,False
1777712991.6595645,0.20526315789473687,-1.0,0.06257032603025436,-0.6849178671836853,0.1426928318644825,0.3150821328163147,False,plan_lookahead,0.619,-1.494,0.615,false,False,False,False
1777712991.759856,0.20526315789473687,-1.0,0.06601884961128235,-0.761361300945282,0.13924430828345452,0.23863869905471802,False,plan_lookahead,0.619,-1.494,0.615,false,False,False,False
1777712991.8601365,0.20526315789473687,-1.0,0.06601884961128235,-0.761361300945282,0.13924430828345452,0.23863869905471802,False,plan_lookahead,0.606,-1.297,0.672,false,False,False,False
1777712991.961553,0.26,-0.8947368421052632,0.06601884961128235,-0.761361300945282,0.19398115038871766,0.13337554115998118,False,plan_lookahead,0.606,-1.297,0.672,false,False,False,False
1777712992.0618734,0.26,-0.8947368421052632,0.05313900485634804,-0.28897741436958313,0.20686099514365197,0.60575942773568,False,plan_lookahead,0.606,-1.297,0.672,false,False,False,False
1777712992.1622279,0.26,-0.8947368421052632,0.05313900485634804,-0.28897741436958313,0.20686099514365197,0.60575942773568,False,plan_lookahead,0.619,-1.104,0.717,false,False,False,False
1777712992.2628198,0.23263157894736847,-0.7894736842105263,0.05313900485634804,-0.28897741436958313,0.17949257409102043,0.5004962698409432,False,plan_lookahead,0.619,-1.104,0.717,false,False,False,False
1777712992.3631175,0.23263157894736847,-0.7894736842105263,0.06316950172185898,-0.7206307649612427,0.1694620772255095,0.06884291924928365,False,plan_lookahead,0.619,-1.104,0.717,false,False,False,False
1777712992.463366,0.23263157894736847,-0.7894736842105263,0.06316950172185898,-0.7206307649612427,0.1694620772255095,0.06884291924928365,False,plan_lookahead,0.619,-0.875,0.697,false,False,False,False
1777712992.5639267,0.26,-0.5789473684210527,0.06316950172185898,-0.7206307649612427,0.19683049827814103,0.14168339654019002,False,plan_lookahead,0.619,-0.875,0.697,false,False,False,False
1777712992.6642737,0.26,-0.5789473684210527,0.06443258374929428,-0.7458614706993103,0.19556741625070573,0.16691410227825765,False,plan_lookahead,0.619,-0.875,0.697,false,False,False,False
1777712992.7645838,0.26,-0.5789473684210527,0.06443258374929428,-0.7458614706993103,0.19556741625070573,0.16691410227825765,False,plan_lookahead,0.612,-0.686,0.661,false,False,False,False
1777712992.8651674,0.26,-0.368421052631579,0.06443258374929428,-0.7458614706993103,0.19556741625070573,0.3774404180677313,False,plan_lookahead,0.612,-0.686,0.661,false,False,False,False
1777712992.965491,0.26,-0.368421052631579,0.061444129794836044,-0.6607391238212585,0.19855587020516396,0.29231807118967956,False,plan_lookahead,0.612,-0.686,0.661,false,False,False,False
1777712993.0658092,0.26,-0.368421052631579,0.061444129794836044,-0.6607391238212585,0.19855587020516396,0.29231807118967956,False,plan_lookahead,0.621,-0.555,0.627,false,False,False,False
1777712993.1663475,0.26,0.0,0.061444129794836044,-0.6607391238212585,0.19855587020516396,0.6607391238212585,False,plan_lookahead,0.621,-0.555,0.627,false,False,False,False
1777712993.2666817,0.26,0.0,0.06637393683195114,-0.7241060733795166,0.19362606316804887,0.7241060733795166,False,plan_lookahead,0.621,-0.555,0.627,false,False,False,False
1777712993.367224,0.26,0.0,0.06637393683195114,-0.7241060733795166,0.19362606316804887,0.7241060733795166,False,plan_lookahead,0.616,-0.399,0.597,false,False,False,False
1777712993.467783,0.26,0.32,0.06637393683195114,-0.7241060733795166,0.19362606316804887,1.0441060733795167,True,plan_lookahead,0.616,-0.399,0.597,false,False,False,False
1777712993.5684204,0.26,0.32,0.0653301328420639,-0.6904613971710205,0.1946698671579361,1.0104613971710206,True,plan_lookahead,0.616,-0.399,0.597,false,False,False,False
1777712993.6687958,0.26,0.32,0.0653301328420639,-0.6904613971710205,0.1946698671579361,1.0104613971710206,True,plan_lookahead,0.628,-0.072,0.576,false,False,False,False
1777712993.769428,0.26,0.26315789473684204,0.0653301328420639,-0.6904613971710205,0.1946698671579361,0.9536192919078625,True,plan_lookahead,0.628,-0.072,0.576,false,False,False,False
1777712993.8697746,0.26,0.26315789473684204,0.07255098223686218,-0.7353544235229492,0.18744901776313783,0.9985123182597913,True,plan_lookahead,0.628,-0.072,0.576,false,False,False,False
1777712993.970119,0.26,0.26315789473684204,0.07255098223686218,-0.7353544235229492,0.18744901776313783,0.9985123182597913,True,plan_lookahead,0.602,0.321,0.561,false,True,False,False
1777712994.070627,0.24631578947368427,0.1578947368421052,0.07255098223686218,-0.7353544235229492,0.17376480723682208,0.8932491603650544,True,plan_lookahead,0.602,0.321,0.561,false,True,False,False
1777712994.1709123,0.24631578947368427,0.1578947368421052,0.07160220295190811,-0.30759063363075256,0.17471358652177615,0.46548537047285776,True,plan_lookahead,0.602,0.321,0.561,false,True,False,False
1777712994.2712562,0.24631578947368427,0.1578947368421052,0.07160220295190811,-0.30759063363075256,0.17471358652177615,0.46548537047285776,True,plan_lookahead,0.552,0.382,0.569,false,True,False,False
1777712994.3718162,0.23263157894736847,0.1578947368421052,0.07160220295190811,-0.30759063363075256,0.16102937599546036,0.46548537047285776,True,plan_lookahead,0.552,0.382,0.569,false,True,False,False
1777712994.4721847,0.23263157894736847,0.1578947368421052,0.06930561363697052,-0.5748003721237183,0.16332596531039795,0.7326951089658235,True,plan_lookahead,0.552,0.382,0.569,false,True,False,False
1777712994.5725157,0.23263157894736847,0.1578947368421052,0.06930561363697052,-0.5748003721237183,0.16332596531039795,0.7326951089658235,True,plan_lookahead,0.467,0.247,0.535,false,True,False,False
1777712994.6730325,0.19157894736842107,0.1578947368421052,0.06930561363697052,-0.5748003721237183,0.12227333373145055,0.7326951089658235,True,plan_lookahead,0.467,0.247,0.535,false,True,False,False
1777712994.7734673,0.19157894736842107,0.1578947368421052,0.0652456060051918,-0.5150901079177856,0.12633334136322927,0.6729848447598908,True,plan_lookahead,0.467,0.247,0.535,false,True,False,False
1777712994.8738153,0.19157894736842107,0.1578947368421052,0.0652456060051918,-0.5150901079177856,0.12633334136322927,0.6729848447598908,True,plan_lookahead,0.392,0.238,0.52,false,True,False,False
1777712994.9744854,0.03921052631578947,0.0,0.0652456060051918,-0.5150901079177856,0.02603507968940233,0.5150901079177856,False,plan_lookahead,0.392,0.238,0.52,false,True,False,False
1777712995.0748885,0.03921052631578947,0.0,0.0657331645488739,-0.5581566095352173,0.026522638233084428,0.5581566095352173,False,plan_lookahead,0.392,0.238,0.52,false,True,False,False
1777712995.1754441,0.03921052631578947,0.0,0.0657331645488739,-0.5581566095352173,0.026522638233084428,0.5581566095352173,False,plan_lookahead,0.333,0.234,0.499,false,True,False,False
1777712995.2758846,0.0,0.0,0.0657331645488739,-0.5581566095352173,0.0657331645488739,0.5581566095352173,False,plan_lookahead,0.333,0.234,0.499,false,True,True,False
1777712995.376293,0.0,0.0,0.06115640327334404,-0.6067312359809875,0.06115640327334404,0.6067312359809875,False,plan_lookahead,0.333,0.234,0.499,false,True,True,False
1777712995.476633,0.0,0.0,0.06115640327334404,-0.6067312359809875,0.06115640327334404,0.6067312359809875,False,plan_lookahead,0.052,2.545,0.476,false,True,True,False
1777712995.5771194,0.0,0.0,0.06115640327334404,-0.6067312359809875,0.06115640327334404,0.6067312359809875,False,plan_lookahead,0.052,2.545,0.476,false,True,True,False
1777712995.6774948,0.0,0.0,0.057571955025196075,0.7788698077201843,0.057571955025196075,0.7788698077201843,False,plan_lookahead,0.052,2.545,0.476,false,False,True,False
1777712995.777862,0.0,0.0,0.057571955025196075,0.7788698077201843,0.057571955025196075,0.7788698077201843,False,plan_lookahead,0.071,2.69,0.463,false,False,True,False
1777712995.87849,0.0,0.0,0.057571955025196075,0.7788698077201843,0.057571955025196075,0.7788698077201843,False,plan_lookahead,0.071,2.69,0.463,false,False,True,False
1777712995.9788349,0.0,0.0,0.05261753126978874,0.7759986519813538,0.05261753126978874,0.7759986519813538,False,plan_lookahead,0.071,2.69,0.463,false,False,True,False
1777712996.0791945,0.0,0.0,0.05261753126978874,0.7759986519813538,0.05261753126978874,0.7759986519813538,False,plan_lookahead,0.071,2.69,0.46,false,False,True,False
1777712996.1798697,0.0,0.0,0.05261753126978874,0.7759986519813538,0.05261753126978874,0.7759986519813538,False,plan_lookahead,0.071,2.69,0.46,false,False,True,False
1777712996.2803538,0.0,0.0,0.05193335935473442,0.775492250919342,0.05193335935473442,0.775492250919342,False,plan_lookahead,0.071,2.69,0.46,false,False,True,False
1777712996.3806849,0.0,0.0,0.05193335935473442,0.775492250919342,0.05193335935473442,0.775492250919342,False,plan_lookahead,0.071,2.69,0.468,false,False,True,False
1777712996.4816391,0.0,0.0,0.05193335935473442,0.775492250919342,0.05193335935473442,0.775492250919342,False,plan_lookahead,0.071,2.69,0.468,false,False,True,False
1777712996.5819917,0.0,0.0,0.052638664841651917,0.7754923105239868,0.052638664841651917,0.7754923105239868,False,plan_lookahead,0.071,2.69,0.468,false,False,True,False
1777712996.6823413,0.0,0.0,0.052638664841651917,0.7754923105239868,0.052638664841651917,0.7754923105239868,False,plan_lookahead,0.059,2.529,0.467,false,False,True,False
1777712996.7832608,0.0,0.0,0.052638664841651917,0.7754923105239868,0.052638664841651917,0.7754923105239868,False,plan_lookahead,0.059,2.529,0.467,false,False,True,False
1777712996.883643,0.0,0.0,0.05302728712558746,0.7757129073143005,0.05302728712558746,0.7757129073143005,False,plan_lookahead,0.059,2.529,0.467,false,False,True,False
1777712996.9839795,0.0,0.0,0.05302728712558746,0.7757129073143005,0.05302728712558746,0.7757129073143005,False,plan_lookahead,0.059,2.529,0.467,false,False,True,False
1777712997.0845556,0.0,0.0,0.05302728712558746,0.7757129073143005,0.05302728712558746,0.7757129073143005,False,plan_lookahead,0.059,2.529,0.467,false,False,True,False
1777712997.1850905,0.0,0.0,0.05268861725926399,0.775497555732727,0.05268861725926399,0.775497555732727,False,plan_lookahead,0.059,2.529,0.467,false,False,True,False
1777712997.2854824,0.0,0.0,0.05268861725926399,0.775497555732727,0.05268861725926399,0.775497555732727,False,plan_lookahead,0.059,2.529,0.455,false,False,True,False
1777712997.3861237,0.0,0.0,0.05268861725926399,0.775497555732727,0.05268861725926399,0.775497555732727,False,plan_lookahead,0.059,2.529,0.455,false,False,True,False
1777712997.4864945,0.0,0.0,0.05290425568819046,0.7756286263465881,0.05290425568819046,0.7756286263465881,False,plan_lookahead,0.059,2.529,0.455,false,False,True,False
1777712997.5869114,0.0,0.0,0.05290425568819046,0.7756286263465881,0.05290425568819046,0.7756286263465881,False,plan_lookahead,0.059,2.529,0.453,false,False,True,False
1777712997.687662,0.0,0.0,0.05290425568819046,0.7756286263465881,0.05290425568819046,0.7756286263465881,False,plan_lookahead,0.059,2.529,0.453,false,False,True,False
1777712997.787969,0.0,0.0,0.05317993089556694,0.7757866978645325,0.05317993089556694,0.7757866978645325,False,plan_lookahead,0.059,2.529,0.453,false,False,True,False
1777712997.8883069,0.0,0.0,0.05317993089556694,0.7757866978645325,0.05317993089556694,0.7757866978645325,False,plan_lookahead,0.059,2.529,0.464,false,False,True,False
1777712997.9889572,0.0,0.0,0.05317993089556694,0.7757866978645325,0.05317993089556694,0.7757866978645325,False,plan_lookahead,0.059,2.529,0.464,false,False,True,False
1777712998.08929,0.0,0.0,0.05239611491560936,0.7753325700759888,0.05239611491560936,0.7753325700759888,False,plan_lookahead,0.059,2.529,0.464,false,False,True,False
1777712998.1895955,0.0,0.0,0.05239611491560936,0.7753325700759888,0.05239611491560936,0.7753325700759888,False,plan_lookahead,0.059,2.529,0.457,false,False,True,False
1777712998.2902327,0.0,0.0,0.05239611491560936,0.7753325700759888,0.05239611491560936,0.7753325700759888,False,plan_lookahead,0.059,2.529,0.457,false,False,True,False
1777712998.3907256,0.0,0.0,0.053326718509197235,0.7759586572647095,0.053326718509197235,0.7759586572647095,False,plan_lookahead,0.059,2.529,0.457,false,False,True,False
1777712998.491098,0.0,0.0,0.053326718509197235,0.7759586572647095,0.053326718509197235,0.7759586572647095,False,plan_lookahead,0.059,2.529,0.469,false,False,True,False
1777712998.591666,0.0,0.0,0.053504228591918945,0.7760393619537354,0.053504228591918945,0.7760393619537354,False,plan_lookahead,0.059,2.529,0.469,false,False,True,False
1777712998.692021,0.0,0.0,0.053504228591918945,0.7760393619537354,0.053504228591918945,0.7760393619537354,False,plan_lookahead,0.059,2.529,0.469,false,False,True,False
1777712998.7929265,0.0,0.0,0.05292345955967903,0.7756311297416687,0.05292345955967903,0.7756311297416687,False,plan_lookahead,0.059,2.529,0.469,false,False,True,False
1777712998.893279,0.0,0.0,0.05292345955967903,0.7756311297416687,0.05292345955967903,0.7756311297416687,False,plan_lookahead,0.059,2.529,0.461,false,False,True,False
1777712998.9938116,0.0,0.0,0.05312424525618553,0.7757422924041748,0.05312424525618553,0.7757422924041748,False,plan_lookahead,0.059,2.529,0.461,false,False,True,False
1777712999.0941823,0.0,0.0,0.05312424525618553,0.7757422924041748,0.05312424525618553,0.7757422924041748,False,plan_lookahead,0.059,2.529,0.463,false,False,True,False
1777712999.194718,0.0,0.0,0.05278204381465912,0.7755404710769653,0.05278204381465912,0.7755404710769653,False,plan_lookahead,0.059,2.529,0.463,false,False,True,False
1777712999.2950592,0.0,0.0,0.05278204381465912,0.7755404710769653,0.05278204381465912,0.7755404710769653,False,plan_lookahead,0.059,2.529,0.461,false,False,True,False
1777712999.3959527,0.0,0.0,0.051891058683395386,0.774935781955719,0.051891058683395386,0.774935781955719,False,plan_lookahead,0.059,2.529,0.461,false,False,True,False
1777712999.496388,0.0,0.0,0.051891058683395386,0.774935781955719,0.051891058683395386,0.774935781955719,False,plan_lookahead,0.059,2.529,0.461,false,False,True,False
1777712999.5971165,0.0,0.0,0.053004246205091476,0.7757311463356018,0.053004246205091476,0.7757311463356018,False,plan_lookahead,0.059,2.529,0.461,false,False,True,False
1777712999.6975346,0.0,0.0,0.053004246205091476,0.7757311463356018,0.053004246205091476,0.7757311463356018,False,plan_lookahead,0.059,2.529,0.463,false,False,True,False
1777712999.7982671,0.0,0.0,0.05280844494700432,0.7755072116851807,0.05280844494700432,0.7755072116851807,False,plan_lookahead,0.059,2.529,0.463,false,False,True,False
1777712999.8985794,0.0,0.0,0.05280844494700432,0.7755072116851807,0.05280844494700432,0.7755072116851807,False,plan_lookahead,0.059,2.529,0.461,false,False,True,False
1777712999.9993799,0.0,0.0,0.052917614579200745,0.7756737470626831,0.052917614579200745,0.7756737470626831,False,plan_lookahead,0.059,2.529,0.461,false,False,True,False
1777713000.0997777,0.0,0.0,0.052917614579200745,0.7756737470626831,0.052917614579200745,0.7756737470626831,False,plan_lookahead,0.059,2.529,0.459,false,False,True,False
1777713000.2005599,0.0,0.0,0.05304557830095291,0.7757574915885925,0.05304557830095291,0.7757574915885925,False,plan_lookahead,0.059,2.529,0.459,false,False,True,False
1777713000.3008838,0.0,0.0,0.05304557830095291,0.7757574915885925,0.05304557830095291,0.7757574915885925,False,plan_lookahead,0.059,2.529,0.466,false,False,True,False
1777713000.4022365,0.0,0.0,0.052922334522008896,0.7756988406181335,0.052922334522008896,0.7756988406181335,False,plan_lookahead,0.059,2.529,0.466,false,False,True,False
1777713000.502813,0.0,0.0,0.052922334522008896,0.7756988406181335,0.052922334522008896,0.7756988406181335,False,plan_lookahead,0.059,2.529,0.467,false,False,True,False
1777713000.604563,0.0,0.0,0.05324680730700493,0.775903046131134,0.05324680730700493,0.775903046131134,False,plan_lookahead,0.059,2.529,0.467,false,False,True,False
1777713000.7053301,0.0,0.0,0.05324680730700493,0.775903046131134,0.05324680730700493,0.775903046131134,False,plan_lookahead,0.059,2.529,0.467,false,False,True,False
1777713000.80699,0.0,0.0,0.052259642630815506,0.7752034068107605,0.052259642630815506,0.7752034068107605,False,plan_lookahead,0.059,2.529,0.467,false,False,True,False
1777713000.907346,0.0,0.0,0.052259642630815506,0.7752034068107605,0.052259642630815506,0.7752034068107605,False,plan_lookahead,0.059,2.529,0.458,false,False,True,False
1777713001.0078142,0.0,0.0,0.052807703614234924,0.7755508422851562,0.052807703614234924,0.7755508422851562,False,plan_lookahead,0.059,2.529,0.458,false,False,True,False
1777713001.108133,0.0,0.0,0.052807703614234924,0.7755508422851562,0.052807703614234924,0.7755508422851562,False,plan_lookahead,0.059,2.529,0.462,false,False,True,False
1777713001.2092319,0.0,0.0,0.052456967532634735,0.775342583656311,0.052456967532634735,0.775342583656311,False,plan_lookahead,0.059,2.529,0.462,false,False,True,False
1777713001.311739,0.0,0.0,0.052456967532634735,0.775342583656311,0.052456967532634735,0.775342583656311,False,plan_lookahead,0.059,2.529,0.468,false,False,True,False
1777713001.4133584,0.0,0.0,0.05293765291571617,0.7756612300872803,0.05293765291571617,0.7756612300872803,False,plan_lookahead,0.059,2.529,0.468,false,False,True,False
1777713001.5140922,0.0,0.0,0.05293765291571617,0.7756612300872803,0.05293765291571617,0.7756612300872803,False,plan_lookahead,0.059,2.529,0.465,false,False,True,False
1777713001.6149886,0.0,0.0,0.05338185653090477,0.7759722471237183,0.05338185653090477,0.7759722471237183,False,plan_lookahead,0.059,2.529,0.465,false,False,True,False
1777713001.7155297,0.0,0.0,0.05338185653090477,0.7759722471237183,0.05338185653090477,0.7759722471237183,False,plan_lookahead,0.059,2.529,0.456,false,False,True,False
1777713001.817784,0.0,0.0,0.052820224314928055,0.7755369544029236,0.052820224314928055,0.7755369544029236,False,plan_lookahead,0.059,2.529,0.456,false,False,True,False
1777713001.9181354,0.0,0.0,0.052820224314928055,0.7755369544029236,0.052820224314928055,0.7755369544029236,False,plan_lookahead,0.059,2.529,0.455,false,False,True,False
1777713002.0193799,0.0,1.0,0.052820224314928055,0.7755369544029236,0.052820224314928055,0.22446304559707642,False,plan_lookahead,0.059,2.529,0.455,false,False,False,False
1777713002.120171,0.0,1.0,0.05356338247656822,0.776072084903717,0.05356338247656822,0.22392791509628296,False,plan_lookahead,0.059,2.529,0.455,false,False,False,False
1777713002.220619,0.0,1.0,0.05356338247656822,0.776072084903717,0.05356338247656822,0.22392791509628296,False,plan_lookahead,0.059,2.529,0.457,false,False,False,False
1777713002.3216455,0.0,1.0,0.05356338247656822,0.776072084903717,0.05356338247656822,0.22392791509628296,False,plan_lookahead,0.059,2.529,0.457,false,False,False,False
1777713002.4228046,0.0,1.0,0.052972953766584396,0.7757115960121155,0.052972953766584396,0.22428840398788452,False,plan_lookahead,0.059,2.529,0.457,false,False,False,False
1777713002.5233536,0.0,1.0,0.052972953766584396,0.7757115960121155,0.052972953766584396,0.22428840398788452,False,plan_lookahead,0.059,2.529,0.466,false,False,False,False
1777713002.6245503,0.0,1.0,0.052972953766584396,0.7757115960121155,0.052972953766584396,0.22428840398788452,False,plan_lookahead,0.059,2.529,0.466,false,False,False,False
1777713002.7251935,0.0,1.0,0.05328115448355675,0.7759311199188232,0.05328115448355675,0.22406888008117676,False,plan_lookahead,0.059,2.529,0.466,false,False,False,False
1777713002.8286912,0.0,1.0,0.05328115448355675,0.7759311199188232,0.05328115448355675,0.22406888008117676,False,plan_lookahead,0.059,2.521,0.459,false,False,False,False
1777713002.929983,0.0,1.0,0.05328115448355675,0.7759311199188232,0.05328115448355675,0.22406888008117676,False,plan_lookahead,0.059,2.521,0.459,false,False,False,False
1777713003.0306954,0.0,1.0,0.05570615828037262,0.7744476199150085,0.05570615828037262,0.22555238008499146,False,plan_lookahead,0.059,2.521,0.459,false,False,False,False
1777713003.131341,0.0,1.0,0.05570615828037262,0.7744476199150085,0.05570615828037262,0.22555238008499146,False,plan_lookahead,0.058,2.239,0.457,false,False,False,False
1777713003.2322524,0.0,1.0,0.05570615828037262,0.7744476199150085,0.05570615828037262,0.22555238008499146,False,plan_lookahead,0.058,2.239,0.457,false,False,False,False
1777713003.3327782,0.0,1.0,0.060356080532073975,0.7762987613677979,0.060356080532073975,0.22370123863220215,False,plan_lookahead,0.058,2.239,0.457,false,False,False,False
1777713003.4332893,0.0,1.0,0.060356080532073975,0.7762987613677979,0.060356080532073975,0.22370123863220215,False,plan_lookahead,0.058,1.961,0.482,false,False,False,False
1777713003.5339694,0.0,1.0,0.060356080532073975,0.7762987613677979,0.060356080532073975,0.22370123863220215,False,plan_lookahead,0.058,1.961,0.482,false,False,False,False
1777713003.6343343,0.0,1.0,0.05803430452942848,0.769981324672699,0.05803430452942848,0.23001867532730103,False,plan_lookahead,0.058,1.961,0.482,false,False,False,False
1777713003.7347884,0.0,1.0,0.05803430452942848,0.769981324672699,0.05803430452942848,0.23001867532730103,False,plan_lookahead,0.058,1.646,0.495,false,False,False,False
1777713003.835515,0.0,1.0,0.05803430452942848,0.769981324672699,0.05803430452942848,0.23001867532730103,False,plan_lookahead,0.058,1.646,0.495,false,False,False,False
1777713003.935917,0.0,1.0,0.061542775481939316,0.7689099907875061,0.061542775481939316,0.2310900092124939,False,plan_lookahead,0.058,1.646,0.495,false,False,False,False
1777713004.0363328,0.0,1.0,0.061542775481939316,0.7689099907875061,0.061542775481939316,0.2310900092124939,False,plan_lookahead,0.06,1.389,0.495,false,False,False,False
1777713004.1369457,0.0,1.0,0.061542775481939316,0.7689099907875061,0.061542775481939316,0.2310900092124939,False,plan_lookahead,0.06,1.389,0.495,false,False,False,False
1777713004.237341,0.0,1.0,0.07419281452894211,0.7785307765007019,0.07419281452894211,0.2214692234992981,False,plan_lookahead,0.06,1.389,0.495,false,False,False,False
1777713004.3378954,0.0,1.0,0.07419281452894211,0.7785307765007019,0.07419281452894211,0.2214692234992981,False,plan_lookahead,0.069,1.17,0.487,false,False,False,False
1777713004.4385774,0.0,1.0,0.07419281452894211,0.7785307765007019,0.07419281452894211,0.2214692234992981,False,plan_lookahead,0.069,1.17,0.487,false,False,False,False
1777713004.5390978,0.0,1.0,0.07283792644739151,0.7483736872673035,0.07283792644739151,0.25162631273269653,False,plan_lookahead,0.069,1.17,0.487,false,False,False,False
1777713004.6394336,0.0,1.0,0.07283792644739151,0.7483736872673035,0.07283792644739151,0.25162631273269653,False,plan_lookahead,0.069,0.985,0.486,false,False,False,False
1777713004.74005,0.0,1.0,0.07283792644739151,0.7483736872673035,0.07283792644739151,0.25162631273269653,False,plan_lookahead,0.069,0.985,0.486,false,False,False,False
1777713004.8405824,0.0,1.0,0.07519683986902237,0.7846828699111938,0.07519683986902237,0.21531713008880615,False,plan_lookahead,0.069,0.985,0.486,false,False,False,False
1777713004.9409652,0.0,1.0,0.07519683986902237,0.7846828699111938,0.07519683986902237,0.21531713008880615,False,plan_lookahead,0.057,1.297,0.49,false,False,False,False
1777713005.0414948,0.0,1.0,0.07519683986902237,0.7846828699111938,0.07519683986902237,0.21531713008880615,False,plan_lookahead,0.057,1.297,0.49,false,False,False,False
1777713005.1418,0.0,1.0,0.07524289935827255,0.785391092300415,0.07524289935827255,0.21460890769958496,False,plan_lookahead,0.057,1.297,0.49,false,False,False,False
1777713005.2421734,0.0,1.0,0.07524289935827255,0.785391092300415,0.07524289935827255,0.21460890769958496,False,plan_lookahead,0.081,1.384,0.474,false,False,False,False
1777713005.3426535,0.0,1.0,0.07524289935827255,0.785391092300415,0.07524289935827255,0.21460890769958496,False,plan_lookahead,0.081,1.384,0.474,false,False,False,False
